Source,Target,Type,Weight,npmi
prova,termos,Undirected,3.00,0.1938
prova,forca,Undirected,6.00,0.4053
prova,rede,Undirected,2.00,0.0257
prova,tornou,Undirected,4.00,0.3009
prova,inscricao,Undirected,2.00,0.0562
prova,entrada,Undirected,2.00,0.2466
prova,arquiteturas,Undirected,3.00,0.2983
prova,latour,Undirected,3.00,0.2065
prova,covideiro,Undirected,3.00,0.0597
prova,pandemico,Undirected,5.00,0.2851
prova,contexto,Undirected,3.00,0.2609
prova,analise,Undirected,4.00,0.2209
prova,movel,Undirected,2.00,0.2144
prova,imutavel,Undirected,3.00,0.2812
prova,pratica,Undirected,6.00,0.2804
prova,ciencia,Undirected,2.00,0.1940
prova,resultado,Undirected,3.00,0.2460
prova,distintas,Undirected,3.00,0.2845
prova,acuracia,Undirected,3.00,0.2845
dataset,audioset,Undirected,6.00,0.2564
dataset,audio,Undirected,7.00,0.1338
dataset,spira,Undirected,22.00,0.1552
dataset,secao,Undirected,10.00,0.2502
dataset,repositorio,Undirected,3.00,0.1317
dataset,possivel,Undirected,5.00,0.2000
dataset,precisamente,Undirected,2.00,0.0965
dataset,nivel,Undirected,2.00,0.1480
dataset,insuficiencia,Undirected,2.00,-0.0092
dataset,covideiro,Undirected,6.00,0.0019
dataset,pandemico,Undirected,5.00,0.1598
dataset,modelo,Undirected,7.00,0.0603
dataset,enfermaria,Undirected,3.00,0.1107
dataset,dado,Undirected,3.00,-0.0420
dataset,torna,Undirected,4.00,0.1224
dataset,termos,Undirected,2.00,0.0272
dataset,percurso,Undirected,3.00,0.1733
dataset,partir,Undirected,4.00,0.1338
dataset,artigos,Undirected,2.00,-0.0346
dataset,arquivo,Undirected,2.00,0.1019
dataset,ruido,Undirected,6.00,0.1745
dataset,pessoas,Undirected,2.00,0.0965
dataset,treinamento,Undirected,2.00,0.0913
dataset,acustica,Undirected,5.00,0.2342
dataset,analise,Undirected,3.00,0.0619
dataset,projeto,Undirected,3.00,0.0336
dataset,codigo,Undirected,7.00,0.1773
dataset,nenhum,Undirected,2.00,0.0770
dataset,precisao,Undirected,3.00,0.1149
dataset,artigo,Undirected,5.00,0.0084
dataset,acuracia,Undirected,3.00,0.1667
dataset,original,Undirected,3.00,0.1961
dataset,condicao,Undirected,5.00,0.1494
dataset,sistema,Undirected,2.00,0.0529
dataset,espectrogramas,Undirected,2.00,0.1185
dataset,publico,Undirected,6.00,0.2385
dataset,argumento,Undirected,3.00,0.1805
dataset,produzido,Undirected,3.00,0.1880
dataset,tornou,Undirected,2.00,0.0875
entrevista,artigo,Undirected,2.00,-0.0428
entrevista,precisao,Undirected,3.00,0.1695
entrevista,marcelo,Undirected,40.00,0.5801
entrevista,covideiro,Undirected,2.00,-0.0487
entrevista,funciona,Undirected,3.00,0.2427
entrevista,termos,Undirected,2.00,0.0794
entrevista,fase,Undirected,3.00,0.2280
entrevista,analise,Undirected,2.00,0.0659
entrevista,momento,Undirected,3.00,0.2280
entrevista,contexto,Undirected,3.00,0.1978
entrevista,coleta,Undirected,2.00,0.0239
entrevista,codigo,Undirected,3.00,0.1614
entrevista,cadeia,Undirected,4.00,0.0781
entrevista,processo,Undirected,3.00,0.1876
entrevista,artigos,Undirected,5.00,0.1338
entrevista,partir,Undirected,3.00,0.1502
entrevista,instituicao,Undirected,2.00,0.1050
entrevista,spira,Undirected,5.00,-0.0001
entrevista,labirinto,Undirected,3.00,0.2089
entrevista,precisamente,Undirected,2.00,0.1486
entrevista,operacao,Undirected,2.00,0.1384
entrevista,imutavel,Undirected,2.00,0.1628
entrevista,cricao,Undirected,3.00,0.2351
entrevista,tornou,Undirected,2.00,0.1397
entrevista,textual,Undirected,2.00,0.1674
entrevista,sistema,Undirected,2.00,0.1050
entrevista,projeto,Undirected,4.00,0.1262
entrevista,ponto,Undirected,2.00,0.0738
acuracia,modelo,Undirected,9.00,0.1976
acuracia,controle,Undirected,2.00,0.2262
acuracia,configuracao,Undirected,2.00,0.1496
acuracia,condicao,Undirected,5.00,0.2098
acuracia,produzido,Undirected,3.00,0.2764
acuracia,precisao,Undirected,4.00,0.2452
acuracia,ponto,Undirected,3.00,0.1585
acuracia,campo,Undirected,2.00,0.1920
acuracia,clinica,Undirected,3.00,0.2369
acuracia,linguagem,Undirected,2.00,0.1863
acuracia,coeficientes,Undirected,2.00,0.1835
acuracia,covideiro,Undirected,2.00,-0.0165
acuracia,artigo,Undirected,7.00,0.1506
acuracia,audio,Undirected,2.00,0.0592
acuracia,original,Undirected,2.00,0.2262
acuracia,rede,Undirected,3.00,0.0450
acuracia,neural,Undirected,2.00,0.1682
acuracia,distintas,Undirected,3.00,0.2550
acuracia,treinado,Undirected,2.00,0.1981
acuracia,termos,Undirected,2.00,0.1115
cientifico,condicoes,Undirected,5.00,0.0760
cientifico,covideiro,Undirected,5.00,-0.0238
cientifico,artigos,Undirected,28.00,0.3372
cientifico,objeto,Undirected,8.00,0.0960
cientifico,aparece,Undirected,7.00,0.2685
cientifico,secao,Undirected,3.00,0.0496
cientifico,artigo,Undirected,57.00,0.4107
cientifico,funciona,Undirected,9.00,0.3359
cientifico,spira,Undirected,9.00,-0.0114
cientifico,analise,Undirected,3.00,0.0377
cientifico,tornou,Undirected,3.00,0.1151
cientifico,dado,Undirected,6.00,0.0164
cientifico,protocolo,Undirected,4.00,0.1204
cientifico,actante,Undirected,2.00,-0.0167
cientifico,inscricao,Undirected,3.00,-0.0356
cientifico,circula,Undirected,4.00,0.2129
cientifico,espectrograma,Undirected,3.00,0.0245
cientifico,rede,Undirected,5.00,-0.0081
cientifico,neural,Undirected,3.00,0.1113
cientifico,registro,Undirected,3.00,0.1720
cientifico,forcas,Undirected,3.00,0.1639
cientifico,producao,Undirected,4.00,0.1475
cientifico,termos,Undirected,3.00,0.0519
cientifico,metodo,Undirected,2.00,0.0817
cientifico,produz,Undirected,3.00,0.1190
cientifico,textual,Undirected,2.00,0.0922
cientifico,leitor,Undirected,4.00,0.1017
cientifico,covid,Undirected,2.00,0.0163
cientifico,descreve,Undirected,2.00,0.0562
cientifico,tecnociencia,Undirected,2.00,0.0789
cientifico,condicao,Undirected,3.00,0.0565
cientifico,financiamento,Undirected,3.00,0.1639
cientifico,fapesp,Undirected,2.00,0.0761
cientifico,classificacao,Undirected,2.00,0.1271
cientifico,projeto,Undirected,3.00,0.0095
cientifico,precisamente,Undirected,3.00,0.1244
controles,pacientes,Undirected,28.00,0.4710
controles,ruido,Undirected,8.00,0.3002
controles,enfermaria,Undirected,9.00,0.3572
controles,termos,Undirected,2.00,0.0956
controles,hospitais,Undirected,2.00,0.1358
controles,coleta,Undirected,4.00,0.1277
controles,ambiente,Undirected,3.00,0.2742
controles,operacao,Undirected,3.00,0.2096
controles,covid,Undirected,3.00,0.1604
controles,aparece,Undirected,3.00,0.2383
controles,covideiro,Undirected,2.00,-0.0324
controles,artificial,Undirected,2.00,0.2103
controles,dado,Undirected,2.00,-0.0170
controles,spira,Undirected,2.00,-0.0863
controles,audio,Undirected,3.00,0.0929
controles,youtube,Undirected,2.00,0.1761
registro,acesso,Undirected,3.00,0.2721
registro,producao,Undirected,2.00,0.1940
registro,forca,Undirected,3.00,0.2912
registro,laboratorio,Undirected,2.00,0.1709
registro,possivel,Undirected,3.00,0.2460
registro,covideiro,Undirected,3.00,0.0597
registro,configuracao,Undirected,2.00,0.1777
registro,spira,Undirected,5.00,0.0671
registro,operacao,Undirected,3.00,0.2557
registro,sinal,Undirected,2.00,0.1108
registro,acustico,Undirected,3.00,0.2507
registro,leitura,Undirected,2.00,0.2037
registro,versao,Undirected,3.00,0.2781
registro,objeto,Undirected,2.00,0.0779
registro,secao,Undirected,2.00,0.1375
cadeia,inscricao,Undirected,35.00,0.2603
cadeia,projeto,Undirected,3.00,-0.0575
cadeia,analise,Undirected,7.00,0.0778
cadeia,percurso,Undirected,10.00,0.2600
cadeia,textual,Undirected,10.00,0.2541
cadeia,distintos,Undirected,6.00,0.1393
cadeia,covideiro,Undirected,14.00,0.0158
cadeia,escolha,Undirected,3.00,0.0661
cadeia,respiratoria,Undirected,6.00,0.0191
cadeia,covid,Undirected,2.00,-0.0477
cadeia,resultado,Undirected,6.00,0.1287
cadeia,produziu,Undirected,3.00,0.0196
cadeia,secao,Undirected,2.00,-0.0619
cadeia,spira,Undirected,7.00,-0.1181
cadeia,etapa,Undirected,16.00,0.3495
cadeia,gravacao,Undirected,7.00,0.2178
cadeia,dado,Undirected,6.00,-0.0565
cadeia,actante,Undirected,7.00,0.0692
cadeia,fenomeno,Undirected,2.00,0.0207
cadeia,carrega,Undirected,4.00,0.1351
cadeia,coronavirus,Undirected,2.00,0.0399
cadeia,mundo,Undirected,5.00,0.1293
cadeia,ponto,Undirected,25.00,0.2860
cadeia,tornou,Undirected,4.00,0.0846
cadeia,visivel,Undirected,4.00,0.0943
cadeia,hospital,Undirected,2.00,0.0416
cadeia,tecnociencia,Undirected,4.00,0.1002
cadeia,produzido,Undirected,4.00,0.1351
cadeia,pratica,Undirected,2.00,-0.0764
cadeia,nenhum,Undirected,5.00,0.1030
cadeia,rede,Undirected,5.00,-0.0794
cadeia,conjunto,Undirected,2.00,-0.0101
cadeia,humano,Undirected,2.00,-0.0493
cadeia,circula,Undirected,4.00,0.1435
cadeia,agencia,Undirected,2.00,0.0490
cadeia,espectrograma,Undirected,2.00,-0.0859
cadeia,neural,Undirected,2.00,-0.0031
cadeia,labirinto,Undirected,14.00,0.2541
cadeia,diferentes,Undirected,4.00,0.1218
cadeia,producao,Undirected,4.00,0.0781
cadeia,artigo,Undirected,14.00,0.0457
cadeia,processo,Undirected,3.00,0.0418
cadeia,construcao,Undirected,2.00,0.0381
cadeia,objeto,Undirected,6.00,0.0015
cadeia,marcelo,Undirected,2.00,-0.0887
cadeia,insuficiencia,Undirected,3.00,-0.0533
cadeia,sinal,Undirected,2.00,-0.0887
cadeia,descreve,Undirected,2.00,-0.0078
cadeia,leitor,Undirected,3.00,-0.0024
cadeia,termos,Undirected,5.00,0.0476
cadeia,clinica,Undirected,4.00,0.0943
cadeia,modelo,Undirected,2.00,-0.1753
cadeia,artigos,Undirected,3.00,-0.0799
cadeia,condicao,Undirected,4.00,0.0240
cadeia,treinamento,Undirected,3.00,0.0520
cadeia,ator,Undirected,2.00,0.0267
cadeia,especifico,Undirected,3.00,0.0893
cadeia,precisa,Undirected,2.00,0.0548
cadeia,pacientes,Undirected,2.00,-0.1066
cadeia,virus,Undirected,2.00,-0.0554
cadeia,onda,Undirected,6.00,0.1637
cadeia,codigo,Undirected,4.00,0.0511
cadeia,argumento,Undirected,3.00,0.0893
cadeia,movimento,Undirected,2.00,0.0548
cadeia,deteccao,Undirected,2.00,0.0471
cadeia,partir,Undirected,2.00,-0.0411
cadeia,aparece,Undirected,3.00,0.0755
padroes,dado,Undirected,7.00,0.1243
padroes,respiratoria,Undirected,7.00,0.2015
padroes,enunciado,Undirected,2.00,0.1723
padroes,audioset,Undirected,4.00,0.2511
padroes,youtube,Undirected,2.00,0.1598
padroes,processo,Undirected,2.00,0.1337
padroes,causas,Undirected,2.00,0.1791
padroes,produz,Undirected,3.00,0.1978
padroes,distintos,Undirected,2.00,0.1384
padroes,humano,Undirected,2.00,0.0899
padroes,funciona,Undirected,3.00,0.2427
padroes,camadas,Undirected,4.00,0.2860
padroes,insuficiencia,Undirected,2.00,0.0429
padroes,metodo,Undirected,2.00,0.1569
padroes,espectrograma,Undirected,2.00,0.0532
padroes,reconhecer,Undirected,3.00,0.2149
padroes,modelo,Undirected,4.00,0.0449
padroes,objeto,Undirected,2.00,0.0176
padroes,etapa,Undirected,3.00,0.2407
padroes,covid,Undirected,2.00,0.0915
padroes,fala,Undirected,2.00,0.1205
tornou,artigos,Undirected,4.00,0.1096
tornou,dado,Undirected,3.00,0.0189
tornou,condicao,Undirected,4.00,0.1814
tornou,covideiro,Undirected,3.00,0.0028
tornou,pandemico,Undirected,3.00,0.1513
tornou,possivel,Undirected,23.00,0.5620
tornou,pessoas,Undirected,2.00,0.1546
tornou,termos,Undirected,2.00,0.0853
tornou,imutavel,Undirected,2.00,0.1688
tornou,configuracao,Undirected,5.00,0.2179
tornou,ponto,Undirected,4.00,0.1705
tornou,visivel,Undirected,18.00,0.5310
tornou,ciencia,Undirected,2.00,0.1397
tornou,spira,Undirected,3.00,-0.0537
tornou,pacientes,Undirected,3.00,0.0879
tornou,instituicao,Undirected,2.00,0.1110
tornou,especifica,Undirected,2.00,0.1850
tornou,inscrito,Undirected,2.00,0.1783
tornou,forca,Undirected,3.00,0.2342
tornou,audioset,Undirected,3.00,0.2152
tornou,espectrograma,Undirected,5.00,0.1483
tornou,arquitetura,Undirected,2.00,0.1601
tornou,audio,Undirected,2.00,0.0330
tornou,laboratorio,Undirected,4.00,0.2105
tornou,marcelo,Undirected,5.00,0.1771
tornou,leitura,Undirected,2.00,0.1494
tornou,cricao,Undirected,4.00,0.2847
tornou,inscricao,Undirected,3.00,0.0495
tornou,original,Undirected,3.00,0.2570
modelo,designa,Undirected,4.00,0.1039
modelo,fenomeno,Undirected,5.00,0.1031
modelo,conjunto,Undirected,3.00,0.0049
modelo,spira,Undirected,14.00,-0.0699
modelo,tecnica,Undirected,15.00,0.2942
modelo,forca,Undirected,3.00,0.0501
modelo,diferenca,Undirected,4.00,0.0611
modelo,processamento,Undirected,3.00,0.0501
modelo,nenhum,Undirected,2.00,-0.0407
modelo,ruido,Undirected,4.00,-0.0109
modelo,espectrogramas,Undirected,3.00,0.0484
modelo,dado,Undirected,23.00,0.0965
modelo,insuficiencia,Undirected,2.00,-0.1269
modelo,lugar,Undirected,2.00,0.0058
modelo,leitura,Undirected,3.00,0.0199
modelo,secao,Undirected,4.00,-0.0163
modelo,objeto,Undirected,9.00,0.0034
modelo,rede,Undirected,14.00,0.0170
modelo,causas,Undirected,4.00,0.0941
modelo,termos,Undirected,4.00,-0.0140
modelo,treinado,Undirected,34.00,0.4584
modelo,covideiro,Undirected,9.00,-0.0604
modelo,pacientes,Undirected,3.00,-0.0963
modelo,condicoes,Undirected,4.00,-0.0557
modelo,escolha,Undirected,3.00,0.0340
modelo,treinamento,Undirected,14.00,0.2446
modelo,celular,Undirected,2.00,-0.0289
modelo,repositorio,Undirected,37.00,0.2429
modelo,artigo,Undirected,23.00,-0.0153
modelo,produz,Undirected,2.00,-0.0264
modelo,reconhecer,Undirected,4.00,0.0732
modelo,pandemico,Undirected,2.00,-0.0768
modelo,produziu,Undirected,2.00,-0.0573
modelo,dispositivo,Undirected,5.00,0.0640
modelo,precisao,Undirected,5.00,0.0547
modelo,saude,Undirected,2.00,0.0242
modelo,acustica,Undirected,3.00,0.0370
modelo,corpo,Undirected,4.00,0.0554
modelo,pesquisador,Undirected,2.00,-0.0100
modelo,versao,Undirected,4.00,0.0732
modelo,youtube,Undirected,3.00,0.0370
modelo,parametros,Undirected,5.00,0.1116
modelo,artigos,Undirected,5.00,-0.0554
modelo,coeficientes,Undirected,4.00,0.0640
modelo,hospital,Undirected,2.00,0.0110
modelo,espectrograma,Undirected,6.00,0.0072
modelo,sinal,Undirected,5.00,-0.0188
modelo,observador,Undirected,13.00,0.1668
modelo,computacional,Undirected,6.00,0.1160
modelo,neural,Undirected,3.00,0.0121
modelo,mundo,Undirected,2.00,-0.0171
modelo,partir,Undirected,3.00,-0.0277
modelo,audioset,Undirected,7.00,0.1447
modelo,configuracao,Undirected,2.00,-0.0524
modelo,audio,Undirected,6.00,-0.0227
modelo,acesso,Undirected,7.00,0.1447
modelo,instituicao,Undirected,2.00,-0.0648
modelo,cricao,Undirected,2.00,0.0092
modelo,agencia,Undirected,6.00,0.1610
modelo,arquiteturas,Undirected,3.00,0.0572
modelo,publico,Undirected,3.00,0.0146
modelo,visivel,Undirected,3.00,0.0253
modelo,etapa,Undirected,3.00,0.0628
modelo,analise,Undirected,3.00,-0.0614
modelo,enunciado,Undirected,3.00,0.0501
modelo,resultado,Undirected,2.00,-0.0407
modelo,virus,Undirected,4.00,-0.0093
modelo,frequencias,Undirected,3.00,0.0536
modelo,imagem,Undirected,2.00,-0.0418
modelo,pratica,Undirected,3.00,-0.0647
modelo,processo,Undirected,2.00,-0.0362
modelo,linguagem,Undirected,9.00,0.1834
modelo,metodo,Undirected,2.00,-0.0129
modelo,pesquisa,Undirected,3.00,0.0049
modelo,produzido,Undirected,3.00,0.0647
mundo,marcelo,Undirected,2.00,0.0695
mundo,informacao,Undirected,2.00,0.2053
mundo,spira,Undirected,5.00,-0.0065
mundo,deteccao,Undirected,2.00,0.2053
mundo,inscrito,Undirected,6.00,0.3582
mundo,coronavirus,Undirected,3.00,0.2550
mundo,virus,Undirected,3.00,0.1552
mundo,protocolo,Undirected,6.00,0.2225
mundo,dispositivo,Undirected,4.00,0.2399
mundo,clinico,Undirected,9.00,0.4492
mundo,pandemico,Undirected,7.00,0.2934
mundo,artigo,Undirected,3.00,0.0226
mundo,laboratorio,Undirected,6.00,0.2879
mundo,arquiteturas,Undirected,2.00,0.1981
mundo,precisao,Undirected,2.00,0.1354
mundo,espectrograma,Undirected,3.00,0.1232
mundo,percurso,Undirected,2.00,0.1913
mundo,condicao,Undirected,3.00,0.1552
mundo,covideiro,Undirected,2.00,-0.0297
imutavel,latour,Undirected,16.00,0.4325
imutavel,movel,Undirected,48.00,0.8295
imutavel,covideiro,Undirected,7.00,0.1403
imutavel,arquivo,Undirected,2.00,0.1832
imutavel,configuracao,Undirected,3.00,0.2011
imutavel,descreve,Undirected,5.00,0.2931
imutavel,artigo,Undirected,2.00,-0.0137
imutavel,centro,Undirected,2.00,0.2082
imutavel,cricao,Undirected,3.00,0.2656
imutavel,rede,Undirected,5.00,0.1081
imutavel,ponto,Undirected,4.00,0.1553
imutavel,vista,Undirected,2.00,0.2192
imutavel,observador,Undirected,3.00,0.1747
imutavel,arquiteturas,Undirected,3.00,0.2656
marcelo,rede,Undirected,7.00,-0.0171
marcelo,covideiro,Undirected,13.00,0.0980
marcelo,coleta,Undirected,3.00,-0.0146
marcelo,dado,Undirected,2.00,-0.1165
marcelo,fonoaudiologos,Undirected,6.00,0.2275
marcelo,enfermaria,Undirected,5.00,0.1469
marcelo,descreve,Undirected,10.00,0.2783
marcelo,ambiente,Undirected,2.00,0.1169
marcelo,pacientes,Undirected,2.00,-0.0507
marcelo,marilia,Undirected,3.00,0.1461
marcelo,spira,Undirected,9.00,-0.0211
marcelo,laboratorio,Undirected,9.00,0.2352
marcelo,financiamento,Undirected,3.00,0.1555
marcelo,projeto,Undirected,7.00,0.1114
marcelo,precisao,Undirected,2.00,0.0332
marcelo,celular,Undirected,5.00,0.1466
marcelo,pesquisador,Undirected,4.00,0.1671
marcelo,campo,Undirected,3.00,0.1277
marcelo,paciente,Undirected,2.00,0.0552
marcelo,produz,Undirected,3.00,0.1106
marcelo,artigos,Undirected,7.00,0.0866
marcelo,pratica,Undirected,2.00,-0.0205
marcelo,construcao,Undirected,4.00,0.1861
marcelo,partir,Undirected,4.00,0.1001
marcelo,acesso,Undirected,3.00,0.1217
marcelo,linguagem,Undirected,3.00,0.1217
marcelo,ponto,Undirected,4.00,0.0738
marcelo,vista,Undirected,3.00,0.1594
marcelo,labirinto,Undirected,2.00,0.0708
marcelo,hospitais,Undirected,2.00,0.0362
marcelo,etapa,Undirected,3.00,0.1535
marcelo,artigo,Undirected,5.00,-0.0263
marcelo,audioset,Undirected,4.00,0.1609
marcelo,nenhum,Undirected,2.00,0.0459
marcelo,cricao,Undirected,2.00,0.0958
marcelo,possivel,Undirected,2.00,0.0459
marcelo,clinico,Undirected,2.00,0.1030
marcelo,espectrograma,Undirected,2.00,-0.0300
marcelo,original,Undirected,2.00,0.1108
publico,pacientes,Undirected,6.00,0.1827
publico,repositorio,Undirected,18.00,0.5080
publico,partir,Undirected,3.00,0.1552
publico,hospitais,Undirected,2.00,0.1242
publico,secao,Undirected,4.00,0.1730
publico,possivel,Undirected,3.00,0.1878
publico,saude,Undirected,12.00,0.4994
publico,instituicao,Undirected,2.00,0.1098
publico,artigo,Undirected,3.00,0.0076
publico,leitor,Undirected,2.00,0.0962
publico,codigo,Undirected,11.00,0.3759
publico,spira,Undirected,6.00,0.0286
publico,pandemico,Undirected,2.00,0.0978
publico,projeto,Undirected,3.00,0.0932
forcas,configuracao,Undirected,4.00,0.2684
forcas,leitor,Undirected,5.00,0.2748
forcas,laboratorio,Undirected,9.00,0.3528
forcas,artigos,Undirected,2.00,0.0702
forcas,processo,Undirected,6.00,0.3525
forcas,carrega,Undirected,2.00,0.2389
forcas,leitura,Undirected,3.00,0.2528
forcas,topologia,Undirected,3.00,0.2797
forcas,spira,Undirected,3.00,-0.0048
imagem,possivel,Undirected,3.00,0.1768
imagem,latour,Undirected,2.00,0.0858
imagem,ciencia,Undirected,3.00,0.1816
imagem,acao,Undirected,3.00,0.2367
imagem,precisamente,Undirected,2.00,0.1429
imagem,espectrogramas,Undirected,4.00,0.2629
imagem,torna,Undirected,2.00,0.0819
imagem,reconhecer,Undirected,3.00,0.2090
imagem,parametros,Undirected,3.00,0.2170
imagem,humano,Undirected,8.00,0.2833
imagem,funciona,Undirected,2.00,0.1806
imagem,frequencias,Undirected,2.00,0.1699
imagem,sinal,Undirected,2.00,0.0448
imagem,espectrograma,Undirected,13.00,0.3103
imagem,rede,Undirected,2.00,-0.0403
imagem,processamento,Undirected,2.00,0.1666
imagem,ponto,Undirected,2.00,0.0681
imagem,audio,Undirected,3.00,0.0699
imagem,nenhum,Undirected,3.00,0.1768
imagem,codigo,Undirected,2.00,0.1030
imagem,spira,Undirected,2.00,-0.1083
imagem,termos,Undirected,3.00,0.1247
instituicao,coleta,Undirected,5.00,0.1090
instituicao,spira,Undirected,19.00,0.1613
instituicao,hospitais,Undirected,2.00,0.0908
instituicao,marilia,Undirected,2.00,0.1487
instituicao,acesso,Undirected,2.00,0.1254
instituicao,saude,Undirected,3.00,0.2207
instituicao,financiamento,Undirected,2.00,0.1576
instituicao,designa,Undirected,2.00,0.1595
instituicao,carrega,Undirected,2.00,0.1576
instituicao,corpos,Undirected,3.00,0.2127
instituicao,configuracao,Undirected,2.00,0.0888
instituicao,pesquisa,Undirected,4.00,0.1930
instituicao,condicao,Undirected,2.00,0.0551
instituicao,fapesp,Undirected,3.00,0.1760
instituicao,forca,Undirected,4.00,0.2398
instituicao,projeto,Undirected,5.00,0.1256
instituicao,centro,Undirected,6.00,0.3117
instituicao,entrada,Undirected,3.00,0.2127
instituicao,especifico,Undirected,2.00,0.1504
instituicao,aparece,Undirected,2.00,0.1372
instituicao,arquivo,Undirected,3.00,0.1789
instituicao,observador,Undirected,2.00,0.0636
instituicao,arquitetura,Undirected,3.00,0.1789
respiratoria,pacientes,Undirected,9.00,0.1205
respiratoria,insuficiencia,Undirected,156.00,0.8386
respiratoria,projeto,Undirected,2.00,-0.0618
respiratoria,causas,Undirected,18.00,0.4300
respiratoria,pandemico,Undirected,3.00,0.0396
respiratoria,acustica,Undirected,7.00,0.2319
respiratoria,ruido,Undirected,2.00,-0.0184
respiratoria,paciente,Undirected,5.00,0.1564
respiratoria,precisao,Undirected,2.00,0.0158
respiratoria,deteccao,Undirected,6.00,0.2378
respiratoria,rede,Undirected,12.00,0.0816
respiratoria,nivel,Undirected,3.00,0.1518
respiratoria,covid,Undirected,24.00,0.3724
respiratoria,diferentes,Undirected,3.00,0.1243
respiratoria,enunciado,Undirected,2.00,0.0716
respiratoria,spira,Undirected,16.00,0.0384
respiratoria,dado,Undirected,7.00,0.0072
respiratoria,hospitais,Undirected,8.00,0.2059
respiratoria,resultado,Undirected,2.00,0.0285
respiratoria,frequencia,Undirected,9.00,0.2225
respiratoria,inscricao,Undirected,3.00,-0.0622
respiratoria,versao,Undirected,7.00,0.2319
respiratoria,especifica,Undirected,2.00,0.0784
respiratoria,virus,Undirected,2.00,-0.0169
respiratoria,fenomeno,Undirected,2.00,0.0592
respiratoria,condicoes,Undirected,2.00,-0.0598
respiratoria,produz,Undirected,4.00,0.1304
respiratoria,funciona,Undirected,2.00,0.0856
respiratoria,artigos,Undirected,4.00,-0.0060
respiratoria,ambiente,Undirected,4.00,0.1920
respiratoria,gravacao,Undirected,3.00,0.1372
respiratoria,condicao,Undirected,9.00,0.1820
respiratoria,sinal,Undirected,3.00,-0.0051
respiratoria,coronavirus,Undirected,3.00,0.1297
respiratoria,produziu,Undirected,4.00,0.0969
respiratoria,reconhecer,Undirected,4.00,0.1482
respiratoria,covideiro,Undirected,5.00,-0.0522
respiratoria,artigo,Undirected,3.00,-0.1028
respiratoria,movel,Undirected,2.00,0.0534
respiratoria,etapa,Undirected,3.00,0.1353
respiratoria,objeto,Undirected,3.00,-0.0395
respiratoria,corpo,Undirected,2.00,0.0428
respiratoria,onda,Undirected,3.00,0.1095
respiratoria,partir,Undirected,3.00,0.0448
respiratoria,corpos,Undirected,2.00,0.0856
respiratoria,neural,Undirected,4.00,0.1224
respiratoria,distintos,Undirected,2.00,0.0378
respiratoria,espectrograma,Undirected,2.00,-0.0474
respiratoria,visivel,Undirected,2.00,0.0480
enfermaria,covid,Undirected,12.00,0.3387
enfermaria,dado,Undirected,7.00,0.0997
enfermaria,ruido,Undirected,20.00,0.4294
enfermaria,pacientes,Undirected,6.00,0.1531
enfermaria,artificial,Undirected,7.00,0.3640
enfermaria,controle,Undirected,2.00,0.1728
enfermaria,coleta,Undirected,2.00,0.0028
enfermaria,voz,Undirected,6.00,0.3087
enfermaria,contexto,Undirected,2.00,0.1222
enfermaria,torna,Undirected,3.00,0.1170
enfermaria,treinamento,Undirected,3.00,0.1756
enfermaria,covideiro,Undirected,3.00,-0.0257
enfermaria,artigo,Undirected,3.00,-0.0195
enfermaria,paciente,Undirected,3.00,0.1704
enfermaria,fala,Undirected,2.00,0.0993
enfermaria,acesso,Undirected,2.00,0.1329
enfermaria,arquivo,Undirected,2.00,0.1329
dispositivo,objeto,Undirected,4.00,0.0934
dispositivo,distintos,Undirected,2.00,0.1295
dispositivo,pratica,Undirected,3.00,0.1039
dispositivo,resultado,Undirected,2.00,0.1202
dispositivo,contexto,Undirected,3.00,0.1884
dispositivo,artigos,Undirected,3.00,0.0565
dispositivo,spira,Undirected,7.00,0.0333
dispositivo,covideiro,Undirected,4.00,0.0216
dispositivo,pandemico,Undirected,3.00,0.1356
dispositivo,inscricao,Undirected,20.00,0.3294
dispositivo,distintas,Undirected,2.00,0.1569
dispositivo,coleta,Undirected,6.00,0.1572
dispositivo,treinado,Undirected,4.00,0.2542
dispositivo,classificacao,Undirected,2.00,0.1933
dispositivo,paciente,Undirected,5.00,0.2585
dispositivo,funciona,Undirected,3.00,0.2333
dispositivo,precisamente,Undirected,2.00,0.1397
dispositivo,inscrito,Undirected,8.00,0.3769
dispositivo,sistema,Undirected,3.00,0.1482
dispositivo,fala,Undirected,2.00,0.1115
dispositivo,artigo,Undirected,2.00,-0.0518
dispositivo,acustica,Undirected,2.00,0.1509
dispositivo,padrao,Undirected,2.00,0.1701
dispositivo,corpo,Undirected,2.00,0.1345
dispositivo,espectrograma,Undirected,5.00,0.1636
dispositivo,percurso,Undirected,3.00,0.2186
dispositivo,sinal,Undirected,2.00,0.0415
dispositivo,observador,Undirected,2.00,0.0833
dispositivo,deteccao,Undirected,3.00,0.2333
frequencias,nivel,Undirected,3.00,0.3011
frequencias,sinal,Undirected,8.00,0.2929
frequencias,acustico,Undirected,2.00,0.1756
frequencias,humano,Undirected,2.00,0.1318
frequencias,espectrograma,Undirected,3.00,0.1472
frequencias,corpo,Undirected,3.00,0.2417
frequencias,paciente,Undirected,2.00,0.1804
frequencias,virus,Undirected,4.00,0.2203
saude,marilia,Undirected,3.00,0.2964
saude,ruido,Undirected,6.00,0.3027
saude,sistema,Undirected,3.00,0.2207
saude,acesso,Undirected,2.00,0.2144
saude,diferenca,Undirected,3.00,0.2664
saude,acustica,Undirected,2.00,0.2201
saude,artigo,Undirected,2.00,0.0175
saude,termos,Undirected,2.00,0.1397
saude,pesquisa,Undirected,12.00,0.4877
saude,tecnica,Undirected,2.00,0.2326
ciencia,latour,Undirected,3.00,0.1433
ciencia,acao,Undirected,12.00,0.4837
ciencia,construcao,Undirected,10.00,0.4155
ciencia,metodo,Undirected,2.00,0.1569
ciencia,secao,Undirected,2.00,0.0772
ciencia,visivel,Undirected,3.00,0.2032
ciencia,codigo,Undirected,2.00,0.1087
ciencia,leitor,Undirected,3.00,0.1433
ciencia,artigo,Undirected,2.00,-0.0428
ciencia,spira,Undirected,3.00,-0.0599
ciencia,pesquisador,Undirected,3.00,0.2149
ciencia,humano,Undirected,3.00,0.1417
ciencia,pratica,Undirected,3.00,0.1132
ciencia,gravacao,Undirected,2.00,0.1863
ciencia,espectrograma,Undirected,3.00,0.1033
ciencia,dado,Undirected,6.00,0.1022
ciencia,precisamente,Undirected,2.00,0.1486
arquivo,partir,Undirected,3.00,0.1716
arquivo,audio,Undirected,23.00,0.4110
arquivo,enunciado,Undirected,2.00,0.1927
arquivo,movel,Undirected,3.00,0.2303
arquivo,covideiro,Undirected,3.00,0.0179
arquivo,inscrito,Undirected,3.00,0.2494
arquivo,ruido,Undirected,4.00,0.1954
arquivo,coleta,Undirected,2.00,0.0443
arquivo,hospital,Undirected,2.00,0.2012
arquivo,repositorio,Undirected,2.00,0.1529
arquivo,artigos,Undirected,2.00,0.0380
arquivo,cricao,Undirected,2.00,0.1995
arquivo,torna,Undirected,2.00,0.1079
arquivo,centro,Undirected,2.00,0.1995
arquivo,spira,Undirected,2.00,-0.0822
arquivo,visivel,Undirected,2.00,0.1690
arquivo,coeficientes,Undirected,2.00,0.1717
arquivo,paciente,Undirected,3.00,0.2139
arquivo,carrega,Undirected,3.00,0.2640
arquivo,versao,Undirected,2.00,0.1802
inscricao,covideiro,Undirected,9.00,-0.0219
inscricao,resultado,Undirected,5.00,0.1045
inscricao,projeto,Undirected,5.00,0.0040
inscricao,funciona,Undirected,4.00,0.1366
inscricao,termos,Undirected,7.00,0.0950
inscricao,contexto,Undirected,3.00,0.0534
inscricao,actante,Undirected,13.00,0.1646
inscricao,arquitetura,Undirected,2.00,0.0163
inscricao,fase,Undirected,3.00,0.0836
inscricao,escolha,Undirected,6.00,0.1619
inscricao,insuficiencia,Undirected,5.00,0.0085
inscricao,treinado,Undirected,2.00,0.0281
inscricao,clinico,Undirected,2.00,0.0485
inscricao,analise,Undirected,12.00,0.1608
inscricao,ruido,Undirected,3.00,-0.0107
inscricao,processo,Undirected,6.00,0.1354
inscricao,operacao,Undirected,3.00,0.0482
inscricao,dado,Undirected,2.00,-0.1711
inscricao,configuracao,Undirected,2.00,-0.0204
inscricao,produziu,Undirected,4.00,0.0566
inscricao,laboratorio,Undirected,2.00,-0.0272
inscricao,sistema,Undirected,9.00,0.1629
inscricao,tecnociencia,Undirected,16.00,0.3244
inscricao,spira,Undirected,24.00,0.0521
inscricao,etapa,Undirected,2.00,0.0466
inscricao,gravacao,Undirected,3.00,0.0983
inscricao,cricao,Undirected,4.00,0.1288
inscricao,celular,Undirected,2.00,0.0031
inscricao,paciente,Undirected,3.00,0.0482
inscricao,latour,Undirected,5.00,0.0626
inscricao,precisamente,Undirected,6.00,0.1525
inscricao,visivel,Undirected,2.00,0.0108
inscricao,fonoaudiologos,Undirected,6.00,0.1652
inscricao,metodo,Undirected,2.00,0.0191
inscricao,diferenca,Undirected,2.00,0.0108
inscricao,roteiro,Undirected,6.00,0.1954
inscricao,inscrito,Undirected,3.00,0.0836
inscricao,acustico,Undirected,4.00,0.0796
inscricao,rede,Undirected,8.00,-0.0205
inscricao,conjunto,Undirected,5.00,0.1045
inscricao,secao,Undirected,11.00,0.1608
inscricao,argumento,Undirected,2.00,0.0412
inscricao,neural,Undirected,2.00,-0.0018
inscricao,agencia,Undirected,2.00,0.0503
inscricao,ponto,Undirected,2.00,-0.0641
inscricao,provas,Undirected,3.00,0.0963
inscricao,partir,Undirected,5.00,0.0699
inscricao,condicao,Undirected,3.00,-0.0091
inscricao,artigo,Undirected,7.00,-0.0471
inscricao,labirinto,Undirected,3.00,0.0646
inscricao,linguagem,Undirected,2.00,0.0163
inscricao,tecnica,Undirected,3.00,0.0836
inscricao,reconhecer,Undirected,3.00,0.0706
inscricao,observador,Undirected,2.00,-0.0455
inscricao,computacional,Undirected,5.00,0.1263
inscricao,centro,Undirected,3.00,0.0907
inscricao,distintas,Undirected,2.00,0.0281
inscricao,audioset,Undirected,2.00,0.0163
inscricao,distintos,Undirected,5.00,0.1149
inscricao,sinal,Undirected,3.00,-0.0440
inscricao,leitura,Undirected,2.00,0.0056
inscricao,espectrograma,Undirected,4.00,-0.0076
inscricao,percurso,Undirected,3.00,0.0836
inscricao,audio,Undirected,5.00,-0.0685
inscricao,codigo,Undirected,5.00,0.0170
inscricao,versao,Undirected,3.00,0.0706
inscricao,descreve,Undirected,2.00,-0.0064
inscricao,pratica,Undirected,2.00,-0.0751
inscricao,topologia,Undirected,2.00,0.0312
inscricao,pesquisa,Undirected,3.00,0.0384
inscricao,textual,Undirected,3.00,0.0786
contexto,spira,Undirected,6.00,0.0343
contexto,parametros,Undirected,2.00,0.1772
contexto,especifica,Undirected,3.00,0.2453
contexto,momento,Undirected,2.00,0.1820
contexto,coleta,Undirected,3.00,0.0828
contexto,clinica,Undirected,2.00,0.1584
contexto,metodo,Undirected,2.00,0.1667
contexto,humano,Undirected,3.00,0.1519
contexto,covideiro,Undirected,7.00,0.1177
contexto,pandemico,Undirected,8.00,0.3053
contexto,clinico,Undirected,3.00,0.2528
contexto,especifico,Undirected,2.00,0.1888
contexto,partir,Undirected,3.00,0.1604
contexto,visivel,Undirected,2.00,0.1584
contexto,diferenca,Undirected,2.00,0.1584
contexto,observador,Undirected,2.00,0.1020
contexto,projeto,Undirected,2.00,0.0486
contexto,causas,Undirected,2.00,0.1888
contexto,rede,Undirected,2.00,-0.0249
contexto,neural,Undirected,3.00,0.2002
contexto,precisao,Undirected,2.00,0.1262
contexto,virus,Undirected,2.00,0.0935
contexto,secao,Undirected,2.00,0.0870
contexto,actante,Undirected,3.00,0.1190
processo,operacao,Undirected,2.00,0.1384
processo,produziu,Undirected,3.00,0.1654
processo,coleta,Undirected,3.00,0.0726
processo,processamento,Undirected,2.00,0.1723
processo,virus,Undirected,2.00,0.0837
processo,celular,Undirected,2.00,0.1409
processo,spira,Undirected,6.00,0.0232
processo,producao,Undirected,3.00,0.1876
processo,labirinto,Undirected,2.00,0.1541
processo,construcao,Undirected,3.00,0.2333
processo,visivel,Undirected,5.00,0.2798
processo,forca,Undirected,3.00,0.2280
processo,rede,Undirected,2.00,-0.0346
processo,coeficientes,Undirected,3.00,0.2060
processo,fapesp,Undirected,6.00,0.3127
processo,objeto,Undirected,3.00,0.0659
processo,designa,Undirected,3.00,0.2446
processo,secao,Undirected,2.00,0.0772
processo,pratica,Undirected,2.00,0.0627
treinamento,dado,Undirected,20.00,0.3153
treinamento,precisao,Undirected,3.00,0.1797
treinamento,torna,Undirected,2.00,0.0973
treinamento,voz,Undirected,9.00,0.4173
treinamento,spira,Undirected,7.00,0.0551
treinamento,pessoas,Undirected,3.00,0.2134
treinamento,artificial,Undirected,2.00,0.2037
treinamento,escala,Undirected,4.00,0.2679
treinamento,tecnica,Undirected,3.00,0.2382
treinamento,ponto,Undirected,2.00,0.0835
treinamento,humano,Undirected,3.00,0.1519
treinamento,espectrograma,Undirected,2.00,0.0630
treinamento,pacientes,Undirected,2.00,0.0423
treinamento,rede,Undirected,3.00,0.0215
treinamento,neural,Undirected,2.00,0.1458
treinamento,entrada,Undirected,2.00,0.1960
treinamento,algoritmo,Undirected,3.00,0.2382
treinamento,controle,Undirected,3.00,0.2609
designa,fenomeno,Undirected,12.00,0.5188
designa,humano,Undirected,2.00,0.1444
designa,operacao,Undirected,3.00,0.2496
designa,objeto,Undirected,14.00,0.3560
designa,produz,Undirected,4.00,0.2986
designa,onda,Undirected,4.00,0.3164
designa,sinal,Undirected,4.00,0.1978
designa,acustico,Undirected,6.00,0.3547
designa,produzido,Undirected,2.00,0.2407
designa,fala,Undirected,5.00,0.3092
designa,corpo,Undirected,3.00,0.2548
designa,frequencia,Undirected,2.00,0.1719
designa,linguagem,Undirected,3.00,0.2660
movel,rede,Undirected,5.00,0.0984
movel,laboratorio,Undirected,3.00,0.1847
movel,hospitais,Undirected,2.00,0.1399
movel,covideiro,Undirected,9.00,0.1683
movel,latour,Undirected,10.00,0.3561
movel,descreve,Undirected,2.00,0.1518
movel,circula,Undirected,2.00,0.2144
movel,artigo,Undirected,3.00,0.0240
movel,observador,Undirected,3.00,0.1655
movel,acustico,Undirected,2.00,0.1541
movel,precisao,Undirected,2.00,0.1368
movel,treinado,Undirected,2.00,0.1863
condicoes,pandemico,Undirected,5.00,0.1146
condicoes,precisamente,Undirected,3.00,0.1060
condicoes,actante,Undirected,7.00,0.1231
condicoes,covideiro,Undirected,15.00,0.1084
condicoes,artigos,Undirected,2.00,-0.0752
condicoes,producao,Undirected,27.00,0.4686
condicoes,dado,Undirected,6.00,-0.0036
condicoes,resultado,Undirected,2.00,0.0363
condicoes,causas,Undirected,3.00,0.1379
condicoes,voz,Undirected,4.00,0.1667
condicoes,distintas,Undirected,2.00,0.0731
condicoes,pacientes,Undirected,4.00,0.0188
condicoes,virus,Undirected,2.00,-0.0090
condicoes,hospitais,Undirected,4.00,0.1130
condicoes,sistema,Undirected,2.00,0.0123
condicoes,percurso,Undirected,2.00,0.0795
condicoes,lugar,Undirected,2.00,0.0828
condicoes,corpo,Undirected,3.00,0.1006
condicoes,artigo,Undirected,4.00,-0.0630
condicoes,coleta,Undirected,14.00,0.1903
condicoes,campo,Undirected,2.00,0.0670
condicoes,covid,Undirected,6.00,0.1386
condicoes,corpos,Undirected,4.00,0.1854
condicoes,possivel,Undirected,7.00,0.2053
condicoes,circula,Undirected,3.00,0.1535
condicoes,vista,Undirected,2.00,0.0973
condicoes,momento,Undirected,2.00,0.0795
condicoes,configuracao,Undirected,2.00,0.0246
condicoes,roteiro,Undirected,3.00,0.1455
condicoes,fonoaudiologos,Undirected,4.00,0.1567
condicoes,termos,Undirected,2.00,-0.0134
condicoes,arquiteturas,Undirected,3.00,0.1379
condicoes,deteccao,Undirected,3.00,0.1455
condicoes,ambiente,Undirected,2.00,0.1074
condicoes,acesso,Undirected,3.00,0.1117
condicoes,diferenca,Undirected,3.00,0.1060
condicoes,fase,Undirected,2.00,0.0795
condicoes,objeto,Undirected,4.00,0.0025
condicoes,distintos,Undirected,3.00,0.0953
condicoes,computacional,Undirected,5.00,0.1765
condicoes,projeto,Undirected,2.00,-0.0539
condicoes,construcao,Undirected,2.00,0.0845
condicoes,precisao,Undirected,2.00,0.0236
condicoes,spira,Undirected,4.00,-0.1277
condicoes,leitura,Undirected,2.00,0.0506
condicoes,produzido,Undirected,3.00,0.1455
condicoes,diferentes,Undirected,3.00,0.1325
virus,objeto,Undirected,3.00,0.0136
virus,pesquisa,Undirected,2.00,0.0792
virus,actante,Undirected,8.00,0.1937
virus,insuficiencia,Undirected,2.00,-0.0070
virus,hospitais,Undirected,3.00,0.1204
virus,rede,Undirected,6.00,0.0438
virus,partir,Undirected,3.00,0.0979
virus,vista,Undirected,2.00,0.1401
virus,tecnociencia,Undirected,5.00,0.2303
virus,informacao,Undirected,3.00,0.1903
virus,ator,Undirected,3.00,0.1690
virus,descreve,Undirected,6.00,0.2330
virus,acao,Undirected,7.00,0.3216
virus,sequencia,Undirected,2.00,0.1099
virus,carrega,Undirected,5.00,0.2662
virus,torna,Undirected,3.00,0.0869
virus,momento,Undirected,3.00,0.1757
virus,aparece,Undirected,2.00,0.1159
virus,pandemico,Undirected,3.00,0.0927
virus,inscrito,Undirected,2.00,0.1223
virus,sistema,Undirected,3.00,0.1053
virus,spira,Undirected,3.00,-0.1122
virus,sinal,Undirected,6.00,0.0846
virus,corpo,Undirected,2.00,0.0935
virus,onda,Undirected,2.00,0.1099
virus,computacional,Undirected,3.00,0.1509
leitor,reconhecer,Undirected,3.00,0.1707
leitor,resultado,Undirected,5.00,0.2111
leitor,precisao,Undirected,3.00,0.1253
leitor,covideiro,Undirected,10.00,0.1087
leitor,financiamento,Undirected,3.00,0.1984
leitor,rede,Undirected,2.00,-0.0768
leitor,precisa,Undirected,4.00,0.2486
leitor,forca,Undirected,6.00,0.2884
leitor,laboratorio,Undirected,3.00,0.1192
leitor,artigo,Undirected,17.00,0.2030
leitor,spira,Undirected,4.00,-0.0729
leitor,configuracao,Undirected,2.00,0.0752
leitor,codigo,Undirected,3.00,0.1172
leitor,torna,Undirected,5.00,0.1647
leitor,leitura,Undirected,5.00,0.2270
leitor,fenomeno,Undirected,5.00,0.2453
leitor,sinal,Undirected,2.00,0.0082
leitor,acustico,Undirected,4.00,0.1832
leitor,lugar,Undirected,9.00,0.3627
leitor,artigos,Undirected,5.00,0.0868
leitor,pessoas,Undirected,3.00,0.1590
leitor,descreve,Undirected,2.00,0.0892
leitor,producao,Undirected,2.00,0.0915
leitor,precisamente,Undirected,3.00,0.1590
leitor,labirinto,Undirected,2.00,0.1119
leitor,termos,Undirected,3.00,0.0864
leitor,latour,Undirected,2.00,0.0493
pessoas,algoritmo,Undirected,2.00,0.1872
pessoas,possivel,Undirected,4.00,0.2402
pessoas,covideiro,Undirected,3.00,0.0122
pessoas,dado,Undirected,5.00,0.0938
pessoas,covid,Undirected,2.00,0.1064
pessoas,voz,Undirected,8.00,0.4013
pessoas,spira,Undirected,2.00,-0.0876
pessoas,corpos,Undirected,3.00,0.2583
pessoas,pratica,Undirected,3.00,0.1289
pessoas,laboratorio,Undirected,5.00,0.2541
pessoas,condicao,Undirected,2.00,0.0987
pessoas,medicos,Undirected,3.00,0.2507
pessoas,artigos,Undirected,2.00,0.0325
pessoas,pacientes,Undirected,3.00,0.0973
pessoas,secao,Undirected,3.00,0.1441
pessoas,hospital,Undirected,2.00,0.1958
pessoas,lugar,Undirected,3.00,0.2471
pessoas,controle,Undirected,2.00,0.2089
pessoas,sistema,Undirected,2.00,0.1200
nenhum,protocolo,Undirected,3.00,0.1566
nenhum,coleta,Undirected,4.00,0.1051
nenhum,fonoaudiologos,Undirected,2.00,0.1553
nenhum,sistema,Undirected,2.00,0.1005
nenhum,dado,Undirected,3.00,0.0078
nenhum,ruido,Undirected,3.00,0.1289
nenhum,spira,Undirected,10.00,0.0735
nenhum,nivel,Undirected,3.00,0.2524
nenhum,objeto,Undirected,5.00,0.1287
nenhum,clinico,Undirected,3.00,0.2379
nenhum,lugar,Undirected,3.00,0.2267
nenhum,produzido,Undirected,4.00,0.2811
nenhum,tecnociencia,Undirected,3.00,0.2041
nenhum,pratica,Undirected,3.00,0.1084
nenhum,artigo,Undirected,6.00,0.0861
nenhum,artigos,Undirected,2.00,0.0130
nenhum,producao,Undirected,3.00,0.1828
nenhum,computacional,Undirected,2.00,0.1441
nenhum,humano,Undirected,4.00,0.1766
nenhum,precisao,Undirected,3.00,0.1647
nenhum,reconhecer,Undirected,3.00,0.2102
nenhum,aparece,Undirected,2.00,0.1613
nenhum,espectrograma,Undirected,3.00,0.0985
nenhum,ponto,Undirected,3.00,0.1200
carrega,corpo,Undirected,2.00,0.1960
carrega,pandemico,Undirected,4.00,0.2420
carrega,precisamente,Undirected,3.00,0.2583
carrega,dado,Undirected,3.00,0.0677
carrega,precisao,Undirected,2.00,0.1690
carrega,covid,Undirected,3.00,0.1984
carrega,clinica,Undirected,2.00,0.2012
carrega,pacientes,Undirected,3.00,0.1367
carrega,informacao,Undirected,3.00,0.2977
carrega,frequencia,Undirected,2.00,0.1700
carrega,spira,Undirected,3.00,-0.0048
carrega,youtube,Undirected,3.00,0.2700
carrega,metodo,Undirected,2.00,0.2095
carrega,audio,Undirected,4.00,0.1704
ator,objeto,Undirected,2.00,0.0498
ator,torna,Undirected,2.00,0.1197
ator,tecnica,Undirected,3.00,0.2617
ator,humano,Undirected,5.00,0.1754
ator,rede,Undirected,18.00,0.3228
ator,latour,Undirected,3.00,0.1771
ator,actante,Undirected,2.00,0.0907
ator,acesso,Undirected,2.00,0.1863
ator,laboratorio,Undirected,2.00,0.1428
ator,protocolo,Undirected,2.00,0.1409
ator,pacientes,Undirected,2.00,0.0648
ator,etapa,Undirected,2.00,0.2166
ator,termos,Undirected,2.00,0.1115
frequencia,medicos,Undirected,2.00,0.1628
frequencia,espectrograma,Undirected,7.00,0.2061
frequencia,ponto,Undirected,2.00,0.0575
frequencia,sinal,Undirected,9.00,0.2435
frequencia,escala,Undirected,11.00,0.4131
frequencia,informacao,Undirected,3.00,0.2256
frequencia,humano,Undirected,2.00,0.0736
frequencia,parametros,Undirected,4.00,0.2480
frequencia,audio,Undirected,2.00,0.0108
frequencia,linguagem,Undirected,3.00,0.1919
frequencia,coeficientes,Undirected,3.00,0.1890
frequencia,termos,Undirected,6.00,0.2121
sinal,escolha,Undirected,2.00,0.0737
sinal,partir,Undirected,6.00,0.1570
sinal,fala,Undirected,6.00,0.1826
sinal,ambiente,Undirected,5.00,0.2445
sinal,acustico,Undirected,43.00,0.5996
sinal,ruido,Undirected,11.00,0.2345
sinal,protocolo,Undirected,4.00,0.1117
sinal,coleta,Undirected,2.00,-0.0593
sinal,corpos,Undirected,2.00,0.1030
sinal,insuficiencia,Undirected,2.00,-0.0403
sinal,lugar,Undirected,4.00,0.1842
sinal,paciente,Undirected,3.00,0.1054
sinal,audio,Undirected,19.00,0.2410
sinal,ponto,Undirected,4.00,0.0738
sinal,classificacao,Undirected,2.00,0.1190
sinal,pressao,Undirected,7.00,0.2576
sinal,onda,Undirected,7.00,0.2521
sinal,espectrograma,Undirected,9.00,0.1481
sinal,possivel,Undirected,3.00,0.0956
sinal,conjunto,Undirected,2.00,0.0459
sinal,original,Undirected,3.00,0.1635
sinal,gravacao,Undirected,2.00,0.1030
sinal,operacao,Undirected,3.00,0.1054
sinal,fenomeno,Undirected,2.00,0.0766
sinal,torna,Undirected,11.00,0.2075
sinal,objeto,Undirected,2.00,-0.0657
sinal,movimento,Undirected,2.00,0.1108
sinal,produz,Undirected,2.00,0.0602
sinal,pacientes,Undirected,3.00,-0.0056
espectrograma,covideiro,Undirected,2.00,-0.1291
espectrograma,artigo,Undirected,5.00,-0.0496
espectrograma,rede,Undirected,11.00,0.0935
espectrograma,neural,Undirected,8.00,0.2494
espectrograma,projeto,Undirected,3.00,0.0040
espectrograma,deteccao,Undirected,2.00,0.1058
espectrograma,partir,Undirected,6.00,0.1602
espectrograma,entrada,Undirected,4.00,0.1988
espectrograma,humano,Undirected,2.00,0.0094
espectrograma,produz,Undirected,6.00,0.2120
espectrograma,classificacao,Undirected,7.00,0.2791
espectrograma,gravacao,Undirected,9.00,0.3296
espectrograma,treinado,Undirected,2.00,0.0854
espectrograma,onda,Undirected,5.00,0.2027
espectrograma,percurso,Undirected,6.00,0.2449
espectrograma,escala,Undirected,2.00,0.0794
espectrograma,resultado,Undirected,3.00,0.0985
espectrograma,operacao,Undirected,3.00,0.1083
espectrograma,torna,Undirected,13.00,0.1920
espectrograma,ponto,Undirected,3.00,0.0405
espectrograma,audio,Undirected,5.00,0.0547
espectrograma,algoritmo,Undirected,6.00,0.2449
espectrograma,produziu,Undirected,2.00,0.0321
espectrograma,spira,Undirected,14.00,0.0444
espectrograma,objeto,Undirected,3.00,-0.0183
espectrograma,insuficiencia,Undirected,2.00,-0.0375
espectrograma,corpo,Undirected,2.00,0.0630
espectrograma,codigo,Undirected,2.00,0.0283
espectrograma,precisamente,Undirected,2.00,0.0682
espectrograma,etica,Undirected,2.00,0.0794
espectrograma,padrao,Undirected,4.00,0.1910
espectrograma,coeficientes,Undirected,6.00,0.2210
aparece,artigos,Undirected,6.00,0.1969
aparece,objeto,Undirected,5.00,0.1380
aparece,momento,Undirected,3.00,0.2617
aparece,paciente,Undirected,2.00,0.1706
aparece,condicao,Undirected,4.00,0.2098
aparece,inscrito,Undirected,2.00,0.2045
aparece,spira,Undirected,7.00,0.0812
aparece,artigo,Undirected,6.00,0.1280
aparece,funciona,Undirected,2.00,0.2185
aparece,algoritmo,Undirected,3.00,0.2617
aparece,covideiro,Undirected,3.00,0.0302
aparece,textual,Undirected,2.00,0.1996
diferentes,ambiente,Undirected,2.00,0.2404
diferentes,acustico,Undirected,3.00,0.2297
diferentes,coleta,Undirected,4.00,0.1537
diferentes,insuficiencia,Undirected,3.00,0.1347
diferentes,causas,Undirected,6.00,0.3902
diferentes,covid,Undirected,2.00,0.1317
diferentes,objeto,Undirected,7.00,0.2303
diferentes,distintos,Undirected,2.00,0.1787
diferentes,pratica,Undirected,12.00,0.3630
diferentes,deteccao,Undirected,3.00,0.2848
diferentes,diferenca,Undirected,3.00,0.2454
diferentes,labirinto,Undirected,4.00,0.2947
diferentes,dado,Undirected,2.00,0.0069
diferentes,pacientes,Undirected,2.00,0.0728
diferentes,observador,Undirected,2.00,0.1325
diferentes,computacional,Undirected,2.00,0.1889
diferentes,processamento,Undirected,2.00,0.2125
diferentes,arquitetura,Undirected,3.00,0.2511
diferentes,rede,Undirected,2.00,0.0056
diferentes,produzido,Undirected,2.00,0.2265
diferentes,partir,Undirected,2.00,0.1383
diferentes,actante,Undirected,3.00,0.1509
arquitetura,fase,Undirected,5.00,0.3289
arquitetura,artigos,Undirected,6.00,0.1834
arquitetura,spira,Undirected,5.00,0.0227
arquitetura,projeto,Undirected,2.00,0.0593
arquitetura,centro,Undirected,2.00,0.1995
arquitetura,etapa,Undirected,3.00,0.2048
arquitetura,artigo,Undirected,3.00,-0.0224
arquitetura,rede,Undirected,13.00,0.2181
arquitetura,covid,Undirected,2.00,0.1119
arquitetura,neural,Undirected,2.00,0.1564
arquitetura,covideiro,Undirected,2.00,-0.0283
arquitetura,youtube,Undirected,3.00,0.2363
arquitetura,reconhecer,Undirected,2.00,0.1802
arquitetura,dado,Undirected,2.00,-0.0129
arquitetura,audio,Undirected,2.00,0.0474
arquitetura,sequencia,Undirected,2.00,0.1802
arquitetura,provas,Undirected,3.00,0.2621
arquitetura,paciente,Undirected,3.00,0.2139
arquitetura,audioset,Undirected,2.00,0.1745
arquitetura,sistema,Undirected,3.00,0.1789
fonoaudiologos,condicao,Undirected,2.00,0.1099
fonoaudiologos,covideiro,Undirected,6.00,0.1144
fonoaudiologos,ruido,Undirected,7.00,0.2891
fonoaudiologos,roteiro,Undirected,2.00,0.2124
fonoaudiologos,projeto,Undirected,2.00,0.0650
fonoaudiologos,medicos,Undirected,11.00,0.4893
fonoaudiologos,pacientes,Undirected,3.00,0.1090
fonoaudiologos,acesso,Undirected,2.00,0.1802
fonoaudiologos,spira,Undirected,4.00,0.0012
fonoaudiologos,precisamente,Undirected,3.00,0.2306
fonoaudiologos,ponto,Undirected,2.00,0.0999
fonoaudiologos,humano,Undirected,2.00,0.1160
fonoaudiologos,youtube,Undirected,3.00,0.2423
fonoaudiologos,rede,Undirected,2.00,-0.0085
observador,objeto,Undirected,4.00,0.0582
observador,momento,Undirected,3.00,0.1846
observador,spira,Undirected,7.00,-0.0044
observador,computacional,Undirected,17.00,0.4558
observador,rede,Undirected,2.00,-0.0760
observador,artigo,Undirected,11.00,0.1316
observador,artigos,Undirected,2.00,-0.0238
observador,treinado,Undirected,8.00,0.3309
observador,covideiro,Undirected,13.00,0.1509
observador,condicao,Undirected,3.00,0.0919
observador,insuficiencia,Undirected,2.00,0.0015
observador,produziu,Undirected,5.00,0.1612
observador,diferenca,Undirected,5.00,0.2003
observador,versao,Undirected,2.00,0.1184
observador,enunciado,Undirected,2.00,0.1309
observador,pandemico,Undirected,2.00,0.0517
observador,provas,Undirected,4.00,0.2391
observador,acustico,Undirected,6.00,0.2454
observador,funciona,Undirected,2.00,0.1449
observador,argumento,Undirected,3.00,0.1917
observador,construcao,Undirected,2.00,0.1359
observador,algoritmo,Undirected,2.00,0.1309
observador,inscrito,Undirected,3.00,0.1846
etica,spira,Undirected,3.00,-0.0325
etica,pesquisa,Undirected,12.00,0.4449
etica,hospital,Undirected,2.00,0.2070
etica,dado,Undirected,3.00,0.0400
etica,sistema,Undirected,2.00,0.1312
etica,tecnica,Undirected,2.00,0.1984
etica,argumento,Undirected,2.00,0.2052
etica,momento,Undirected,4.00,0.2992
etica,termos,Undirected,3.00,0.1580
etica,coleta,Undirected,3.00,0.1000
etica,protocolo,Undirected,6.00,0.2939
etica,analise,Undirected,2.00,0.0920
etica,original,Undirected,2.00,0.2201
forca,tecnica,Undirected,2.00,0.2109
forca,coronavirus,Undirected,6.00,0.3883
forca,precisa,Undirected,4.00,0.3362
forca,laboratorio,Undirected,3.00,0.2038
forca,termos,Undirected,2.00,0.1179
forca,torna,Undirected,2.00,0.1261
forca,visivel,Undirected,3.00,0.2436
forca,rede,Undirected,4.00,0.0884
forca,spira,Undirected,7.00,0.0886
forca,artigo,Undirected,2.00,-0.0043
forca,centro,Undirected,2.00,0.2176
forca,fapesp,Undirected,2.00,0.1899
forca,projeto,Undirected,2.00,0.0775
insuficiencia,pacientes,Undirected,15.00,0.2160
insuficiencia,clinica,Undirected,2.00,0.0579
insuficiencia,projeto,Undirected,3.00,-0.0068
insuficiencia,causas,Undirected,13.00,0.3766
insuficiencia,acustica,Undirected,8.00,0.2654
insuficiencia,precisao,Undirected,4.00,0.1119
insuficiencia,deteccao,Undirected,9.00,0.3172
insuficiencia,rede,Undirected,9.00,0.0516
insuficiencia,nivel,Undirected,2.00,0.1094
insuficiencia,dado,Undirected,9.00,0.0532
insuficiencia,covid,Undirected,18.00,0.3270
insuficiencia,enunciado,Undirected,3.00,0.1329
insuficiencia,spira,Undirected,15.00,0.0415
insuficiencia,artigos,Undirected,5.00,0.0327
insuficiencia,versao,Undirected,11.00,0.3211
insuficiencia,especifica,Undirected,3.00,0.1400
insuficiencia,fenomeno,Undirected,3.00,0.1199
insuficiencia,produz,Undirected,4.00,0.1412
insuficiencia,funciona,Undirected,3.00,0.1476
insuficiencia,hospitais,Undirected,3.00,0.0776
insuficiencia,roteiro,Undirected,2.00,0.0955
insuficiencia,coronavirus,Undirected,2.00,0.0883
insuficiencia,produziu,Undirected,2.00,0.0218
insuficiencia,reconhecer,Undirected,6.00,0.2189
insuficiencia,condicao,Undirected,4.00,0.0765
insuficiencia,covideiro,Undirected,5.00,-0.0411
insuficiencia,artigo,Undirected,2.00,-0.1336
insuficiencia,etapa,Undirected,2.00,0.0937
insuficiencia,objeto,Undirected,7.00,0.0779
insuficiencia,corpo,Undirected,3.00,0.1027
insuficiencia,onda,Undirected,2.00,0.0691
insuficiencia,partir,Undirected,2.00,0.0073
insuficiencia,neural,Undirected,2.00,0.0453
insuficiencia,distintos,Undirected,3.00,0.0975
insuficiencia,campo,Undirected,2.00,0.0691
insuficiencia,pandemico,Undirected,3.00,0.0500
insuficiencia,visivel,Undirected,3.00,0.1082
laboratorio,rede,Undirected,6.00,0.0744
laboratorio,spira,Undirected,7.00,0.0169
laboratorio,acustica,Undirected,2.00,0.1367
laboratorio,sistema,Undirected,3.00,0.1334
laboratorio,hospitais,Undirected,3.00,0.1485
laboratorio,covideiro,Undirected,2.00,-0.0718
laboratorio,lugar,Undirected,7.00,0.2842
laboratorio,controle,Undirected,4.00,0.2694
laboratorio,dado,Undirected,2.00,-0.0564
laboratorio,artigos,Undirected,11.00,0.2289
laboratorio,pesquisador,Undirected,2.00,0.1367
laboratorio,artificial,Undirected,4.00,0.2694
laboratorio,precisa,Undirected,2.00,0.1709
laboratorio,pandemico,Undirected,6.00,0.2200
laboratorio,audioset,Undirected,2.00,0.1310
laboratorio,youtube,Undirected,3.00,0.1908
laboratorio,centro,Undirected,2.00,0.1560
laboratorio,artigo,Undirected,12.00,0.0863
laboratorio,visivel,Undirected,3.00,0.1790
laboratorio,construcao,Undirected,3.00,0.2091
laboratorio,celular,Undirected,5.00,0.1709
especifico,covideiro,Undirected,12.00,0.2466
especifico,pandemico,Undirected,9.00,0.3688
especifico,celular,Undirected,2.00,0.1863
especifico,precisao,Undirected,6.00,0.3246
especifico,protocolo,Undirected,3.00,0.2089
especifico,dado,Undirected,3.00,0.0602
especifico,objeto,Undirected,2.00,0.0629
especifico,computacional,Undirected,2.00,0.1940
especifico,spira,Undirected,6.00,0.0749
especifico,acesso,Undirected,3.00,0.2565
especifico,possivel,Undirected,2.00,0.1745
especifico,clinico,Undirected,3.00,0.2902
especifico,termos,Undirected,2.00,0.1247
especifico,fapesp,Undirected,2.00,0.1967
especifico,distintos,Undirected,3.00,0.2401
especifico,conjunto,Undirected,4.00,0.2732
especifico,pacientes,Undirected,4.00,0.1686
especifico,ponto,Undirected,3.00,0.1723
especifico,acustico,Undirected,3.00,0.2351
especifico,sistema,Undirected,3.00,0.2051
especifico,circula,Undirected,3.00,0.2983
coleta,protocolo,Undirected,18.00,0.3246
coleta,medicos,Undirected,2.00,0.0693
coleta,spira,Undirected,19.00,0.0529
coleta,pacientes,Undirected,8.00,0.0922
coleta,repositorio,Undirected,2.00,0.0228
coleta,dado,Undirected,5.00,-0.0452
coleta,sistema,Undirected,3.00,0.0426
coleta,clinica,Undirected,2.00,0.0389
coleta,rede,Undirected,6.00,-0.0244
coleta,hospitais,Undirected,19.00,0.3497
coleta,marilia,Undirected,10.00,0.2636
coleta,processamento,Undirected,5.00,0.1839
coleta,condicao,Undirected,9.00,0.1711
coleta,covideiro,Undirected,2.00,-0.1585
coleta,metodo,Undirected,3.00,0.0969
coleta,informacao,Undirected,2.00,0.0765
coleta,paciente,Undirected,3.00,0.0776
coleta,momento,Undirected,10.00,0.2959
coleta,artigo,Undirected,4.00,-0.0813
coleta,especifica,Undirected,4.00,0.1592
coleta,artigos,Undirected,5.00,-0.0159
coleta,nivel,Undirected,3.00,0.1422
coleta,produziu,Undirected,2.00,0.0028
coleta,escala,Undirected,3.00,0.1000
coleta,campo,Undirected,3.00,0.1000
coleta,classificacao,Undirected,3.00,0.1445
coleta,ambiente,Undirected,3.00,0.1422
coleta,inscrito,Undirected,4.00,0.1519
coleta,possivel,Undirected,2.00,0.0194
coleta,celular,Undirected,3.00,0.0802
coleta,enunciado,Undirected,2.00,0.0625
coleta,configuracao,Undirected,2.00,0.0077
coleta,diferenca,Undirected,2.00,0.0389
coleta,fase,Undirected,4.00,0.1519
coleta,distintos,Undirected,2.00,0.0287
coleta,actante,Undirected,4.00,0.0285
coleta,sequencia,Undirected,3.00,0.1000
coleta,topologia,Undirected,2.00,0.0593
coleta,causas,Undirected,3.00,0.1201
coleta,percurso,Undirected,3.00,0.1130
torna,precisamente,Undirected,7.00,0.2822
torna,actante,Undirected,3.00,0.0604
torna,argumento,Undirected,2.00,0.1329
torna,spira,Undirected,11.00,0.0519
torna,possivel,Undirected,8.00,0.2818
torna,ruido,Undirected,2.00,0.0361
torna,dado,Undirected,4.00,-0.0021
torna,deteccao,Undirected,2.00,0.1401
torna,sistema,Undirected,2.00,0.0589
torna,visivel,Undirected,14.00,0.4093
torna,configuracao,Undirected,5.00,0.1937
torna,momento,Undirected,2.00,0.1261
torna,enunciado,Undirected,2.00,0.1261
torna,pratica,Undirected,3.00,0.0649
torna,ponto,Undirected,2.00,0.0276
torna,precisao,Undirected,2.00,0.0703
torna,condicao,Undirected,3.00,0.0869
torna,fala,Undirected,3.00,0.1254
torna,latour,Undirected,2.00,0.0453
torna,centro,Undirected,2.00,0.1329
torna,audio,Undirected,5.00,0.0930
torna,classificacao,Undirected,8.00,0.3182
torna,resultado,Undirected,3.00,0.1344
torna,acustico,Undirected,2.00,0.0875
torna,escuta,Undirected,3.00,0.2024
torna,original,Undirected,2.00,0.1479
torna,pesquisa,Undirected,3.00,0.1344
nivel,objeto,Undirected,3.00,0.1356
nivel,pacientes,Undirected,3.00,0.1513
nivel,artigo,Undirected,3.00,0.0723
camadas,resultado,Undirected,3.00,0.2379
camadas,fenomeno,Undirected,2.00,0.2124
camadas,argumento,Undirected,2.00,0.2316
camadas,objeto,Undirected,2.00,0.0702
camadas,projeto,Undirected,3.00,0.1433
camadas,funciona,Undirected,3.00,0.2977
camadas,spira,Undirected,2.00,-0.0500
camadas,artigo,Undirected,2.00,0.0097
camadas,parametros,Undirected,3.00,0.2780
camadas,rede,Undirected,2.00,0.0180
camadas,operacao,Undirected,2.00,0.1910
pratica,padrao,Undirected,4.00,0.2013
pratica,campo,Undirected,4.00,0.1804
pratica,objeto,Undirected,21.00,0.2846
pratica,distintas,Undirected,14.00,0.3997
pratica,algoritmo,Undirected,2.00,0.1013
pratica,distintos,Undirected,8.00,0.2635
pratica,secao,Undirected,3.00,0.0541
pratica,clinica,Undirected,3.00,0.1289
pratica,deteccao,Undirected,2.00,0.1153
pratica,diferenca,Undirected,4.00,0.1683
pratica,construcao,Undirected,3.00,0.1589
pratica,spira,Undirected,7.00,-0.0388
pratica,condicao,Undirected,2.00,0.0128
pratica,lugar,Undirected,4.00,0.1975
pratica,analise,Undirected,4.00,0.0786
pratica,metodo,Undirected,3.00,0.1376
pratica,produzido,Undirected,12.00,0.3950
pratica,artigos,Undirected,10.00,0.1545
pratica,linguagem,Undirected,3.00,0.1346
pratica,visivel,Undirected,2.00,0.0777
pratica,escuta,Undirected,4.00,0.2175
pratica,precisamente,Undirected,3.00,0.1289
pratica,corpo,Undirected,2.00,0.0725
pratica,escolha,Undirected,3.00,0.1376
pratica,hospital,Undirected,3.00,0.1626
pratica,clinico,Undirected,2.00,0.1153
pratica,computacional,Undirected,2.00,0.0777
pratica,topologia,Undirected,6.00,0.2520
pratica,rede,Undirected,2.00,-0.1056
treinado,conjunto,Undirected,3.00,0.2165
treinado,covideiro,Undirected,7.00,0.1438
treinado,pacientes,Undirected,2.00,0.0648
treinado,rede,Undirected,5.00,0.1115
treinado,neural,Undirected,5.00,0.3017
treinado,partir,Undirected,2.00,0.1302
treinado,audioset,Undirected,7.00,0.3797
treinado,spira,Undirected,2.00,-0.0704
treinado,humano,Undirected,5.00,0.2503
treinado,audio,Undirected,6.00,0.2077
treinado,entrada,Undirected,2.00,0.2185
treinado,parametros,Undirected,3.00,0.2566
treinado,projeto,Undirected,2.00,0.0711
treinado,termos,Undirected,2.00,0.1115
treinado,algoritmo,Undirected,3.00,0.2617
treinado,inscrito,Undirected,2.00,0.2045
treinado,padrao,Undirected,2.00,0.2112
treinado,linguagem,Undirected,3.00,0.2427
treinado,corpo,Undirected,3.00,0.2315
treinado,reconhecer,Undirected,3.00,0.2487
leitura,momento,Undirected,3.00,0.2382
leitura,artigo,Undirected,2.00,-0.0331
leitura,diferenca,Undirected,2.00,0.1584
leitura,secao,Undirected,6.00,0.2393
leitura,entrada,Undirected,2.00,0.1960
leitura,topologia,Undirected,3.00,0.2348
leitura,codigo,Undirected,3.00,0.1716
leitura,visivel,Undirected,3.00,0.2134
leitura,tecnica,Undirected,3.00,0.2382
sequencia,pressao,Undirected,6.00,0.3823
sequencia,actante,Undirected,2.00,0.0846
sequencia,humano,Undirected,3.00,0.1691
sequencia,resultado,Undirected,4.00,0.2524
sequencia,objeto,Undirected,2.00,0.0437
sequencia,condicao,Undirected,2.00,0.1099
sequencia,escuta,Undirected,3.00,0.2781
sequencia,audio,Undirected,5.00,0.1735
sequencia,provas,Undirected,3.00,0.2681
sequencia,entrada,Undirected,2.00,0.2124
fapesp,precisa,Undirected,3.00,0.2692
fapesp,spira,Undirected,9.00,0.1002
fapesp,financiamento,Undirected,15.00,0.5229
fapesp,actante,Undirected,2.00,0.0761
fapesp,artigo,Undirected,3.00,0.0211
fapesp,artificial,Undirected,2.00,0.2116
fapesp,distintos,Undirected,3.00,0.2110
producao,distintos,Undirected,2.00,0.1384
producao,dado,Undirected,9.00,0.1623
producao,resultado,Undirected,3.00,0.1828
producao,distintas,Undirected,6.00,0.3293
producao,percurso,Undirected,3.00,0.2280
producao,circula,Undirected,2.00,0.1940
producao,artigo,Undirected,9.00,0.1508
producao,labirinto,Undirected,5.00,0.2859
producao,produziu,Undirected,4.00,0.2060
producao,spira,Undirected,2.00,-0.1026
producao,computacional,Undirected,2.00,0.1486
producao,secao,Undirected,2.00,0.0772
producao,possivel,Undirected,3.00,0.1828
producao,versao,Undirected,2.00,0.1598
clinico,padrao,Undirected,2.00,0.2316
clinico,dado,Undirected,2.00,0.0193
clinico,escolha,Undirected,3.00,0.2670
clinico,parametros,Undirected,2.00,0.2200
clinico,fala,Undirected,2.00,0.1731
clinico,spira,Undirected,4.00,0.0299
clinico,projeto,Undirected,3.00,0.1433
clinico,artigos,Undirected,3.00,0.1210
clinico,pandemico,Undirected,7.00,0.3324
clinico,artigo,Undirected,2.00,0.0097
clinico,descreve,Undirected,2.00,0.1840
clinico,condicao,Undirected,2.00,0.1363
clinico,covideiro,Undirected,3.00,0.0516
clinico,hospital,Undirected,3.00,0.2920
clinico,funciona,Undirected,3.00,0.2977
partir,repositorio,Undirected,7.00,0.2757
partir,protocolo,Undirected,2.00,0.0731
partir,diferenca,Undirected,2.00,0.1130
partir,fala,Undirected,2.00,0.0849
partir,conjunto,Undirected,2.00,0.0935
partir,dado,Undirected,9.00,0.1195
partir,acustico,Undirected,2.00,0.0981
partir,produz,Undirected,3.00,0.1604
partir,objeto,Undirected,5.00,0.0941
partir,audio,Undirected,2.00,-0.0086
partir,tecnociencia,Undirected,5.00,0.2462
partir,produzido,Undirected,3.00,0.2053
partir,rede,Undirected,8.00,0.1005
partir,descreve,Undirected,2.00,0.0957
partir,movimento,Undirected,3.00,0.2134
partir,deteccao,Undirected,3.00,0.2053
partir,artigo,Undirected,2.00,-0.0785
partir,projeto,Undirected,2.00,0.0032
partir,spira,Undirected,2.00,-0.1382
partir,classificacao,Undirected,3.00,0.2221
partir,voz,Undirected,3.00,0.1873
partir,covideiro,Undirected,2.00,-0.0843
partir,actante,Undirected,3.00,0.0715
partir,original,Undirected,2.00,0.1584
percurso,diferenca,Undirected,3.00,0.2436
percurso,precisao,Undirected,2.00,0.1550
percurso,analise,Undirected,6.00,0.2592
percurso,textual,Undirected,6.00,0.3751
percurso,dado,Undirected,4.00,0.0898
percurso,covid,Undirected,2.00,0.1301
percurso,acesso,Undirected,3.00,0.2494
percurso,repositorio,Undirected,2.00,0.1711
percurso,cricao,Undirected,6.00,0.3883
percurso,secao,Undirected,2.00,0.1158
fase,protocolo,Undirected,3.00,0.2018
fase,projeto,Undirected,12.00,0.3476
fase,roteiro,Undirected,2.00,0.2249
fase,inscrito,Undirected,2.00,0.2109
fase,actante,Undirected,2.00,0.0971
fase,produziu,Undirected,2.00,0.1511
fase,spira,Undirected,2.00,-0.0640
fase,objeto,Undirected,2.00,0.0561
fase,deteccao,Undirected,2.00,0.2249
fase,distintos,Undirected,3.00,0.2330
fase,argumento,Undirected,4.00,0.3200
fase,rede,Undirected,4.00,0.0884
fase,condicao,Undirected,2.00,0.1223
fase,termos,Undirected,3.00,0.1711
fase,analise,Undirected,3.00,0.1569
fase,topologia,Undirected,2.00,0.2076
audioset,audio,Undirected,10.00,0.2775
audioset,youtube,Undirected,5.00,0.3151
audioset,covideiro,Undirected,3.00,0.0179
audioset,dado,Undirected,6.00,0.1254
audioset,parametros,Undirected,4.00,0.2877
audioset,conjunto,Undirected,3.00,0.2041
audioset,projeto,Undirected,2.00,0.0593
repositorio,pacientes,Undirected,5.00,0.1492
repositorio,espectrogramas,Undirected,5.00,0.3031
repositorio,secao,Undirected,4.00,0.1665
repositorio,acesso,Undirected,7.00,0.3409
repositorio,celular,Undirected,13.00,0.2995
repositorio,artigo,Undirected,4.00,0.0364
repositorio,dado,Undirected,5.00,0.0467
repositorio,covideiro,Undirected,5.00,-0.0047
repositorio,youtube,Undirected,3.00,0.1587
repositorio,hospital,Undirected,10.00,0.3450
repositorio,inscrito,Undirected,2.00,0.1711
repositorio,precisa,Undirected,3.00,0.2495
repositorio,projeto,Undirected,4.00,0.1250
repositorio,disponivel,Undirected,4.00,0.2998
repositorio,rede,Undirected,4.00,0.0453
repositorio,textual,Undirected,2.00,0.1663
linguagem,algoritmo,Undirected,2.00,0.1927
linguagem,spira,Undirected,3.00,-0.0386
linguagem,projeto,Undirected,3.00,0.1096
linguagem,processamento,Undirected,12.00,0.4917
linguagem,campo,Undirected,3.00,0.2363
linguagem,pesquisador,Undirected,4.00,0.2795
linguagem,diferenca,Undirected,3.00,0.2246
linguagem,produz,Undirected,6.00,0.3269
linguagem,tecnica,Undirected,3.00,0.2494
linguagem,clinica,Undirected,2.00,0.1690
linguagem,audio,Undirected,3.00,0.0972
linguagem,produzido,Undirected,3.00,0.2640
linguagem,escolha,Undirected,3.00,0.2333
linguagem,acesso,Undirected,2.00,0.1745
linguagem,parametros,Undirected,2.00,0.1878
topologia,spira,Undirected,5.00,0.0393
topologia,artigo,Undirected,2.00,-0.0075
topologia,escuta,Undirected,4.00,0.3327
topologia,clinica,Undirected,4.00,0.2835
topologia,sistema,Undirected,3.00,0.1946
topologia,reconhecer,Undirected,2.00,0.1952
topologia,rede,Undirected,20.00,0.3377
topologia,objeto,Undirected,4.00,0.1414
topologia,ponto,Undirected,2.00,0.1091
topologia,vista,Undirected,3.00,0.2836
topologia,espectrogramas,Undirected,2.00,0.2060
topologia,projeto,Undirected,2.00,0.0742
topologia,artigos,Undirected,2.00,0.0529
hospital,pesquisa,Undirected,3.00,0.2321
hospital,fenomeno,Undirected,2.00,0.2070
hospital,circula,Undirected,3.00,0.3001
hospital,lugar,Undirected,3.00,0.2808
hospital,funciona,Undirected,2.00,0.2334
classificacao,sistema,Undirected,3.00,0.2294
classificacao,spira,Undirected,3.00,0.0119
classificacao,rede,Undirected,6.00,0.1521
classificacao,artigo,Undirected,7.00,0.1695
classificacao,escolha,Undirected,2.00,0.2255
classificacao,produz,Undirected,6.00,0.3819
classificacao,gravacao,Undirected,2.00,0.2549
classificacao,resultado,Undirected,2.00,0.1977
classificacao,algoritmo,Undirected,2.00,0.2409
classificacao,neural,Undirected,2.00,0.2046
classificacao,coeficientes,Undirected,2.00,0.2199
padrao,campo,Undirected,3.00,0.2625
padrao,processamento,Undirected,5.00,0.3567
padrao,audio,Undirected,3.00,0.1234
padrao,clinica,Undirected,2.00,0.1940
padrao,acustico,Undirected,6.00,0.3443
padrao,algoritmo,Undirected,3.00,0.2755
padrao,spira,Undirected,12.00,0.1792
padrao,distintas,Undirected,2.00,0.2112
padrao,espectrogramas,Undirected,3.00,0.2738
padrao,coeficientes,Undirected,3.00,0.2536
paciente,ruido,Undirected,3.00,0.1387
paciente,controle,Undirected,5.00,0.3357
paciente,campo,Undirected,3.00,0.2199
paciente,processamento,Undirected,2.00,0.1770
paciente,dado,Undirected,2.00,-0.0285
paciente,celular,Undirected,6.00,0.3062
paciente,momento,Undirected,2.00,0.1770
paciente,clinica,Undirected,3.00,0.2082
paciente,funciona,Undirected,3.00,0.2476
paciente,acustico,Undirected,3.00,0.1925
paciente,fala,Undirected,8.00,0.3319
paciente,coeficientes,Undirected,2.00,0.1561
paciente,corpo,Undirected,6.00,0.3091
paciente,descreve,Undirected,3.00,0.1901
paciente,objeto,Undirected,3.00,0.0709
paciente,distintos,Undirected,2.00,0.1432
paciente,protocolo,Undirected,3.00,0.1664
paciente,spira,Undirected,2.00,-0.0978
paciente,gravacao,Undirected,2.00,0.1910
paciente,disponivel,Undirected,3.00,0.2622
computacional,audio,Undirected,2.00,0.0420
computacional,objeto,Undirected,15.00,0.3330
computacional,produziu,Undirected,2.00,0.1274
computacional,covideiro,Undirected,3.00,0.0122
computacional,dado,Undirected,5.00,0.0938
computacional,projeto,Undirected,3.00,0.1039
computacional,rede,Undirected,2.00,-0.0197
computacional,artigo,Undirected,4.00,0.0538
computacional,escala,Undirected,6.00,0.3394
computacional,spira,Undirected,6.00,0.0402
computacional,clinica,Undirected,2.00,0.1636
computacional,produzido,Undirected,2.00,0.2012
dado,ambiente,Undirected,4.00,0.1200
dado,ruido,Undirected,5.00,-0.0078
dado,processamento,Undirected,7.00,0.1692
dado,audio,Undirected,13.00,0.0879
dado,pacientes,Undirected,6.00,-0.0355
dado,sistema,Undirected,7.00,0.0910
dado,precisao,Undirected,2.00,-0.0506
dado,hospitais,Undirected,4.00,0.0326
dado,covid,Undirected,7.00,0.0752
dado,covideiro,Undirected,26.00,0.0933
dado,pandemico,Undirected,11.00,0.1444
dado,codigo,Undirected,4.00,0.0209
dado,objeto,Undirected,5.00,-0.0523
dado,fala,Undirected,2.00,-0.0465
dado,fenomeno,Undirected,4.00,0.0763
dado,original,Undirected,3.00,0.0758
dado,spira,Undirected,33.00,0.0535
dado,distintos,Undirected,3.00,0.0176
dado,diferenca,Undirected,2.00,-0.0184
dado,arquiteturas,Undirected,2.00,0.0121
dado,conjunto,Undirected,15.00,0.2422
dado,escolha,Undirected,3.00,0.0370
dado,deteccao,Undirected,5.00,0.1357
dado,termos,Undirected,9.00,0.0970
dado,tecnica,Undirected,2.00,0.0053
dado,distintas,Undirected,3.00,0.0464
dado,youtube,Undirected,3.00,0.0400
dado,tecnociencia,Undirected,2.00,-0.0129
dado,voz,Undirected,3.00,0.0497
dado,causas,Undirected,2.00,0.0121
dado,cricao,Undirected,5.00,0.1277
dado,ponto,Undirected,3.00,-0.0501
dado,espectrogramas,Undirected,3.00,0.0513
dado,coeficientes,Undirected,2.00,-0.0157
dado,corpo,Undirected,3.00,0.0228
dado,artificial,Undirected,3.00,0.0758
dado,artigo,Undirected,2.00,-0.2098
dado,entrada,Undirected,3.00,0.0677
dado,escala,Undirected,5.00,0.1063
dado,secao,Undirected,2.00,-0.0898
dado,rede,Undirected,4.00,-0.1345
dado,onda,Undirected,2.00,-0.0072
dado,produziu,Undirected,3.00,-0.0095
dado,circula,Undirected,3.00,0.0758
dado,algoritmo,Undirected,2.00,0.0053
dado,provas,Undirected,2.00,0.0174
marilia,hospitais,Undirected,26.00,0.5784
marilia,entrada,Undirected,3.00,0.2884
marilia,rede,Undirected,4.00,0.0939
marilia,projeto,Undirected,3.00,0.1340
marilia,lugar,Undirected,2.00,0.2192
original,protocolo,Undirected,9.00,0.4056
original,diferenca,Undirected,2.00,0.2089
original,artigos,Undirected,4.00,0.1685
original,spira,Undirected,16.00,0.2481
original,fenomeno,Undirected,3.00,0.2781
original,gravacao,Undirected,2.00,0.2466
original,operacao,Undirected,2.00,0.1988
original,pesquisa,Undirected,3.00,0.2460
original,artigo,Undirected,3.00,0.0658
original,precisamente,Undirected,3.00,0.2664
original,visivel,Undirected,2.00,0.2089
campo,processamento,Undirected,9.00,0.4409
campo,audio,Undirected,2.00,0.0532
campo,possivel,Undirected,2.00,0.1553
campo,termos,Undirected,2.00,0.1055
campo,resultado,Undirected,2.00,0.1553
campo,covideiro,Undirected,3.00,0.0239
campo,pesquisador,Undirected,4.00,0.2857
campo,projeto,Undirected,4.00,0.1546
campo,clinica,Undirected,3.00,0.2306
campo,condicao,Undirected,4.00,0.2032
campo,spira,Undirected,2.00,-0.0764
campo,pandemico,Undirected,3.00,0.1724
campo,pesquisa,Undirected,4.00,0.2524
agencia,actante,Undirected,6.00,0.2689
agencia,configuracao,Undirected,3.00,0.2276
agencia,coronavirus,Undirected,3.00,0.2921
agencia,covideiro,Undirected,3.00,0.0536
agencia,rede,Undirected,3.00,0.0683
agencia,ponto,Undirected,2.00,0.1282
agencia,acesso,Undirected,3.00,0.2660
agencia,visivel,Undirected,3.00,0.2603
agencia,artigos,Undirected,2.00,0.0720
agencia,financiamento,Undirected,3.00,0.2997
agencia,arquiteturas,Undirected,3.00,0.2921
agencia,cricao,Undirected,3.00,0.2921
onda,hospitais,Undirected,2.00,0.1456
onda,artigos,Undirected,2.00,0.0437
onda,pressao,Undirected,6.00,0.3823
onda,precisa,Undirected,2.00,0.2201
onda,secao,Undirected,4.00,0.1961
onda,fenomeno,Undirected,2.00,0.1860
onda,etapa,Undirected,4.00,0.3123
onda,objeto,Undirected,3.00,0.0933
onda,produziu,Undirected,3.00,0.1928
onda,algoritmo,Undirected,2.00,0.1984
onda,audio,Undirected,2.00,0.0532
termos,ambiente,Undirected,2.00,0.1458
termos,configuracao,Undirected,3.00,0.1136
termos,conjunto,Undirected,2.00,0.0748
termos,artigos,Undirected,2.00,-0.0368
termos,movimento,Undirected,3.00,0.1938
termos,spira,Undirected,5.00,-0.0606
termos,resultado,Undirected,2.00,0.0748
termos,operacao,Undirected,7.00,0.2609
termos,latour,Undirected,12.00,0.2972
termos,artigo,Undirected,4.00,-0.0213
termos,funciona,Undirected,3.00,0.1857
termos,pesquisador,Undirected,3.00,0.1580
termos,fenomeno,Undirected,2.00,0.1055
termos,secao,Undirected,6.00,0.1663
termos,cricao,Undirected,2.00,0.1247
termos,arquiteturas,Undirected,2.00,0.1247
termos,acesso,Undirected,3.00,0.1520
termos,covideiro,Undirected,3.00,-0.0604
termos,algoritmo,Undirected,3.00,0.1711
termos,reconhecer,Undirected,3.00,0.1580
termos,projeto,Undirected,2.00,-0.0154
termos,rede,Undirected,2.00,-0.0889
termos,textual,Undirected,3.00,0.1660
acustico,fala,Undirected,5.00,0.2485
acustico,ambiente,Undirected,6.00,0.3684
acustico,lugar,Undirected,6.00,0.3404
acustico,hospitais,Undirected,2.00,0.1195
acustico,operacao,Undirected,5.00,0.2685
acustico,objeto,Undirected,7.00,0.1835
acustico,argumento,Undirected,2.00,0.1791
acustico,construcao,Undirected,3.00,0.2333
acustico,fenomeno,Undirected,2.00,0.1598
acustico,audio,Undirected,3.00,0.0758
acustico,pacientes,Undirected,2.00,0.0326
acustico,sistema,Undirected,2.00,0.1050
construcao,diferenca,Undirected,2.00,0.1923
construcao,artigo,Undirected,3.00,0.0483
construcao,resultado,Undirected,2.00,0.1727
construcao,spira,Undirected,14.00,0.1904
construcao,covideiro,Undirected,3.00,0.0422
construcao,covid,Undirected,2.00,0.1351
construcao,textual,Undirected,3.00,0.2686
construcao,visivel,Undirected,5.00,0.3285
construcao,condicao,Undirected,3.00,0.1810
construcao,objeto,Undirected,2.00,0.0612
vista,ponto,Undirected,30.00,0.6037
vista,corpos,Undirected,3.00,0.3017
vista,coronavirus,Undirected,2.00,0.2354
vista,tecnociencia,Undirected,3.00,0.2680
vista,visivel,Undirected,2.00,0.2050
vista,pesquisador,Undirected,3.00,0.2740
vista,codigo,Undirected,3.00,0.2205
vista,spira,Undirected,2.00,-0.0462
diferenca,artigo,Undirected,5.00,0.0831
diferenca,artigos,Undirected,2.00,0.0325
diferenca,arquiteturas,Undirected,3.00,0.2507
diferenca,acustica,Undirected,3.00,0.2306
diferenca,spira,Undirected,3.00,-0.0443
diferenca,roteiro,Undirected,4.00,0.3022
diferenca,covideiro,Undirected,4.00,0.0475
diferenca,actante,Undirected,3.00,0.1244
diferenca,textual,Undirected,2.00,0.1824
diferenca,produziu,Undirected,3.00,0.1810
diferenca,entrada,Undirected,2.00,0.2012
metodo,artigos,Undirected,3.00,0.0903
metodo,secao,Undirected,11.00,0.3025
metodo,escolha,Undirected,3.00,0.2362
metodo,spira,Undirected,6.00,0.0497
metodo,ruido,Undirected,2.00,0.1055
metodo,analise,Undirected,3.00,0.1409
metodo,operacao,Undirected,3.00,0.2169
metodo,artigo,Undirected,4.00,0.0628
metodo,codigo,Undirected,8.00,0.2906
metodo,pesquisa,Undirected,3.00,0.2071
cricao,corpo,Undirected,3.00,0.2453
cricao,spira,Undirected,2.00,-0.0572
cricao,operacao,Undirected,11.00,0.4629
cricao,possivel,Undirected,2.00,0.1745
cricao,covideiro,Undirected,6.00,0.1363
cricao,artigo,Undirected,2.00,0.0025
cricao,resultado,Undirected,3.00,0.2303
cricao,analise,Undirected,3.00,0.1640
cricao,visivel,Undirected,2.00,0.1940
pesquisa,objeto,Undirected,6.00,0.1550
pesquisa,actante,Undirected,3.00,0.1040
pesquisa,humano,Undirected,4.00,0.1766
pesquisa,clinica,Undirected,4.00,0.2402
pesquisa,hospitais,Undirected,3.00,0.1679
pesquisa,financiamento,Undirected,2.00,0.1817
pesquisa,argumento,Undirected,3.00,0.2303
pesquisa,analise,Undirected,4.00,0.1505
pesquisa,especifica,Undirected,3.00,0.2303
pesquisa,ponto,Undirected,2.00,0.0692
pesquisa,precisamente,Undirected,3.00,0.1984
pesquisa,spira,Undirected,4.00,-0.0321
pesquisa,textual,Undirected,2.00,0.1629
corpos,covideiro,Undirected,5.00,0.1186
corpos,ponto,Undirected,2.00,0.1264
corpos,covid,Undirected,4.00,0.2402
corpos,voz,Undirected,3.00,0.2797
corpos,actante,Undirected,3.00,0.1639
corpos,funciona,Undirected,2.00,0.2389
precisamente,pandemico,Undirected,2.00,0.1080
precisamente,covideiro,Undirected,3.00,0.0122
precisamente,financiamento,Undirected,3.00,0.2583
precisamente,actante,Undirected,3.00,0.1244
precisamente,latour,Undirected,4.00,0.1994
precisamente,ponto,Undirected,3.00,0.1404
precisamente,artigo,Undirected,4.00,0.0538
precisamente,objeto,Undirected,6.00,0.1772
precisamente,produzido,Undirected,2.00,0.2012
precisamente,clinica,Undirected,2.00,0.1636
precisamente,projeto,Undirected,2.00,0.0538
precisamente,rede,Undirected,4.00,0.0628
precisamente,artigos,Undirected,2.00,0.0325
circula,humano,Undirected,2.00,0.1502
circula,spira,Undirected,4.00,0.0383
circula,argumento,Undirected,2.00,0.2394
circula,tecnociencia,Undirected,3.00,0.2721
circula,covideiro,Undirected,4.00,0.0967
circula,artigo,Undirected,9.00,0.2233
circula,rede,Undirected,3.00,0.0744
circula,enunciado,Undirected,3.00,0.2912
circula,precisao,Undirected,3.00,0.2327
circula,deteccao,Undirected,2.00,0.2466
circula,lugar,Undirected,2.00,0.2359
circula,corpo,Undirected,5.00,0.3412
circula,produziu,Undirected,6.00,0.3372
circula,artigos,Undirected,3.00,0.1291
circula,pandemico,Undirected,2.00,0.1534
tecnociencia,actante,Undirected,4.00,0.1696
tecnociencia,artigos,Undirected,3.00,0.0873
tecnociencia,spira,Undirected,10.00,0.1194
tecnociencia,voz,Undirected,2.00,0.1894
tecnociencia,artigo,Undirected,5.00,0.0892
tecnociencia,objeto,Undirected,3.00,0.0873
tecnociencia,ponto,Undirected,2.00,0.0942
tecnociencia,secao,Undirected,2.00,0.0976
tecnociencia,argumento,Undirected,3.00,0.2565
tecnociencia,covideiro,Undirected,2.00,-0.0283
tecnociencia,latour,Undirected,2.00,0.1119
tecnociencia,analise,Undirected,2.00,0.0863
tecnociencia,precisa,Undirected,3.00,0.2721
tecnociencia,labirinto,Undirected,5.00,0.3087
espectrogramas,secao,Undirected,6.00,0.2703
espectrogramas,artigos,Undirected,2.00,0.0545
espectrogramas,pandemico,Undirected,2.00,0.1300
espectrogramas,coeficientes,Undirected,3.00,0.2447
espectrogramas,fala,Undirected,6.00,0.2897
espectrogramas,parametros,Undirected,2.00,0.2044
espectrogramas,rede,Undirected,6.00,0.1168
espectrogramas,gravacao,Undirected,2.00,0.2232
espectrogramas,audio,Undirected,2.00,0.0640
espectrogramas,spira,Undirected,2.00,-0.0656
projeto,actante,Undirected,2.00,-0.0363
projeto,spira,Undirected,54.00,0.2715
projeto,descreve,Undirected,7.00,0.2056
projeto,clinica,Undirected,3.00,0.1039
projeto,produzido,Undirected,3.00,0.1433
projeto,artigos,Undirected,28.00,0.3094
projeto,escolha,Undirected,2.00,0.0621
projeto,roteiro,Undirected,2.00,0.0915
projeto,ponto,Undirected,3.00,0.0255
projeto,processamento,Undirected,4.00,0.1681
projeto,tecnica,Undirected,3.00,0.1287
projeto,pandemico,Undirected,2.00,-0.0017
projeto,produziu,Undirected,2.00,0.0177
projeto,arquiteturas,Undirected,2.00,0.0842
projeto,distintas,Undirected,3.00,0.1220
projeto,produz,Undirected,4.00,0.1368
projeto,corpo,Undirected,2.00,0.0486
projeto,artificial,Undirected,2.00,0.0992
projeto,argumento,Undirected,2.00,0.0842
projeto,codigo,Undirected,2.00,0.0139
projeto,gravacao,Undirected,3.00,0.1433
sistema,spira,Undirected,11.00,0.0736
sistema,artificial,Undirected,2.00,0.1654
sistema,actante,Undirected,4.00,0.1164
sistema,covideiro,Undirected,2.00,-0.0773
sistema,pandemico,Undirected,3.00,0.1150
sistema,possivel,Undirected,5.00,0.2262
sistema,algoritmo,Undirected,3.00,0.1980
sistema,artigo,Undirected,5.00,-0.0274
sistema,gravacao,Undirected,2.00,0.1576
sistema,momento,Undirected,3.00,0.1980
sistema,reconhecer,Undirected,4.00,0.2263
sistema,acustica,Undirected,3.00,0.1849
sistema,funciona,Undirected,3.00,0.2127
financiamento,pesquisador,Undirected,2.00,0.2124
financiamento,spira,Undirected,11.00,0.1739
financiamento,hospitais,Undirected,3.00,0.2278
financiamento,rede,Undirected,8.00,0.2049
financiamento,arquiteturas,Undirected,2.00,0.2316
financiamento,artigos,Undirected,2.00,0.0702
conjunto,configuracao,Undirected,8.00,0.3172
conjunto,actante,Undirected,8.00,0.2474
conjunto,humano,Undirected,6.00,0.1766
conjunto,covideiro,Undirected,5.00,0.0549
conjunto,disponivel,Undirected,3.00,0.2524
conjunto,pacientes,Undirected,6.00,0.1721
conjunto,precisao,Undirected,2.00,0.1119
conjunto,acao,Undirected,2.00,0.1817
conjunto,provas,Undirected,8.00,0.3452
distintas,algoritmo,Undirected,3.00,0.2617
distintas,pacientes,Undirected,3.00,0.1154
distintas,ruido,Undirected,2.00,0.1145
distintas,produziu,Undirected,2.00,0.1447
distintas,arquiteturas,Undirected,3.00,0.2688
distintas,spira,Undirected,3.00,-0.0262
distintas,condicao,Undirected,3.00,0.1690
distintas,gravacao,Undirected,2.00,0.2185
resultado,medicos,Undirected,2.00,0.1745
resultado,covid,Undirected,3.00,0.1386
resultado,analise,Undirected,2.00,0.0613
resultado,descreve,Undirected,2.00,0.1268
resultado,objeto,Undirected,2.00,0.0130
resultado,pressao,Undirected,2.00,0.1817
resultado,codigo,Undirected,2.00,0.1041
resultado,condicao,Undirected,2.00,0.0792
resultado,artigo,Undirected,5.00,0.0614
resultado,protocolo,Undirected,2.00,0.1041
acesso,hospitais,Undirected,3.00,0.1940
acesso,disponivel,Undirected,9.00,0.4675
acesso,ponto,Undirected,3.00,0.1462
acesso,actante,Undirected,3.00,0.1302
acesso,artigo,Undirected,2.00,-0.0224
acesso,controle,Undirected,2.00,0.2144
acesso,secao,Undirected,2.00,0.0976
argumento,latour,Undirected,6.00,0.2962
argumento,secao,Undirected,5.00,0.2508
argumento,spira,Undirected,3.00,-0.0124
argumento,precisa,Undirected,3.00,0.2983
argumento,ponto,Undirected,2.00,0.1191
argumento,produzido,Undirected,2.00,0.2316
produzido,lugar,Undirected,3.00,0.2866
produzido,covideiro,Undirected,3.00,0.0516
produzido,artigos,Undirected,3.00,0.1210
produzido,objeto,Undirected,16.00,0.3947
produzido,fenomeno,Undirected,3.00,0.2700
produzido,escuta,Undirected,2.00,0.2466
produzido,escolha,Undirected,2.00,0.2095
produzido,enunciado,Undirected,2.00,0.2249
produzido,gravacao,Undirected,3.00,0.2977
produzido,codigo,Undirected,2.00,0.1613
textual,analise,Undirected,22.00,0.4812
textual,artigo,Undirected,3.00,0.0380
textual,covid,Undirected,2.00,0.1252
textual,versao,Undirected,3.00,0.2503
textual,artigos,Undirected,3.00,0.1013
textual,rede,Undirected,45.00,0.4629
objeto,actante,Undirected,5.00,0.0500
objeto,momento,Undirected,3.00,0.1063
objeto,rede,Undirected,6.00,-0.0317
objeto,distintos,Undirected,22.00,0.3972
objeto,acustica,Undirected,4.00,0.1315
objeto,produziu,Undirected,2.00,-0.0036
objeto,produz,Undirected,6.00,0.1713
objeto,ponto,Undirected,5.00,0.0670
objeto,covideiro,Undirected,4.00,-0.0946
objeto,pandemico,Undirected,3.00,0.0234
objeto,celular,Undirected,3.00,0.0735
objeto,reconhecer,Undirected,7.00,0.2139
objeto,lugar,Undirected,4.00,0.1486
objeto,deteccao,Undirected,12.00,0.3385
objeto,escala,Undirected,2.00,0.0437
objeto,analise,Undirected,7.00,0.1046
objeto,artigo,Undirected,3.00,-0.1190
objeto,spira,Undirected,4.00,-0.1530
objeto,audio,Undirected,2.00,-0.0891
objeto,causas,Undirected,2.00,0.0629
objeto,fala,Undirected,2.00,0.0044
objeto,versao,Undirected,4.00,0.1315
objeto,especifica,Undirected,2.00,0.0629
objeto,escuta,Undirected,3.00,0.1291
objeto,secao,Undirected,2.00,-0.0389
objeto,descreve,Undirected,4.00,0.1006
objeto,condicao,Undirected,3.00,0.0136
objeto,movimento,Undirected,2.00,0.0779
escala,momento,Undirected,2.00,0.1984
escala,analise,Undirected,3.00,0.1439
escala,precisa,Undirected,2.00,0.2201
escala,parametros,Undirected,3.00,0.2503
escala,tecnica,Undirected,2.00,0.1984
escala,ponto,Undirected,3.00,0.1522
escala,rede,Undirected,2.00,-0.0085
escala,fenomeno,Undirected,2.00,0.1860
escala,spira,Undirected,2.00,-0.0764
escala,coeficientes,Undirected,2.00,0.1775
provas,arquiteturas,Undirected,6.00,0.4022
provas,artigo,Undirected,3.00,0.0558
provas,secao,Undirected,2.00,0.1280
provas,visivel,Undirected,2.00,0.1994
provas,acustica,Undirected,2.00,0.2106
controle,celular,Undirected,7.00,0.3384
controle,ruido,Undirected,3.00,0.1969
controle,tecnica,Undirected,2.00,0.2326
controle,momento,Undirected,2.00,0.2326
controle,lugar,Undirected,2.00,0.2359
controle,voz,Undirected,2.00,0.2293
controle,spira,Undirected,5.00,0.0671
controle,gravacao,Undirected,2.00,0.2466
causas,pandemico,Undirected,3.00,0.1925
causas,covid,Undirected,4.00,0.2324
causas,secao,Undirected,2.00,0.1226
causas,pacientes,Undirected,2.00,0.0779
causas,produz,Undirected,3.00,0.2453
causas,spira,Undirected,3.00,-0.0124
acao,covideiro,Undirected,2.00,0.0039
acao,spira,Undirected,7.00,0.1049
acao,latour,Undirected,3.00,0.1984
acao,secao,Undirected,3.00,0.1835
acao,inscrito,Undirected,3.00,0.2831
spira,covideiro,Undirected,18.00,-0.0519
spira,medicos,Undirected,6.00,0.0749
spira,rede,Undirected,18.00,-0.0332
spira,entrada,Undirected,2.00,-0.0500
spira,artigos,Undirected,47.00,0.2080
spira,descreve,Undirected,4.00,-0.0296
spira,parametros,Undirected,5.00,0.0376
spira,precisao,Undirected,2.00,-0.1198
spira,artigo,Undirected,46.00,0.1105
spira,secao,Undirected,9.00,0.0111
spira,analise,Undirected,22.00,0.1338
spira,audio,Undirected,13.00,0.0003
spira,celular,Undirected,5.00,0.0080
spira,protocolo,Undirected,5.00,-0.0279
spira,produz,Undirected,6.00,0.0343
spira,escuta,Undirected,4.00,0.0383
spira,clinica,Undirected,3.00,-0.0443
spira,pacientes,Undirected,7.00,-0.0739
spira,possivel,Undirected,5.00,-0.0051
spira,deteccao,Undirected,3.00,-0.0048
spira,pandemico,Undirected,7.00,-0.0035
spira,visivel,Undirected,4.00,-0.0109
spira,ponto,Undirected,7.00,-0.0260
spira,etapa,Undirected,3.00,-0.0068
spira,artificial,Undirected,3.00,0.0033
spira,actante,Undirected,11.00,0.0160
spira,escolha,Undirected,4.00,-0.0019
spira,inscrito,Undirected,6.00,0.0672
spira,voz,Undirected,6.00,0.0635
spira,humano,Undirected,2.00,-0.1464
spira,reconhecer,Undirected,3.00,-0.0325
spira,funciona,Undirected,7.00,0.1049
spira,produziu,Undirected,5.00,-0.0236
spira,roteiro,Undirected,6.00,0.0832
spira,especifica,Undirected,2.00,-0.0572
spira,processamento,Undirected,3.00,-0.0195
spira,precisa,Undirected,3.00,0.0033
spira,centro,Undirected,4.00,0.0221
spira,condicao,Undirected,7.00,-0.0143
spira,labirinto,Undirected,2.00,-0.0822
spira,versao,Undirected,4.00,0.0012
spira,arquiteturas,Undirected,3.00,-0.0124
spira,acustica,Undirected,5.00,0.0291
spira,distintos,Undirected,3.00,-0.0549
spira,algoritmo,Undirected,3.00,-0.0195
spira,codigo,Undirected,3.00,-0.0861
spira,neural,Undirected,2.00,-0.1002
spira,youtube,Undirected,2.00,-0.0764
spira,fala,Undirected,2.00,-0.1158
spira,coeficientes,Undirected,2.00,-0.0849
precisa,coronavirus,Undirected,2.00,0.2394
precisa,ambiente,Undirected,5.00,0.3204
precisa,rede,Undirected,3.00,0.0744
precisa,labirinto,Undirected,3.00,0.2721
precisa,analise,Undirected,3.00,0.1797
arquiteturas,rede,Undirected,3.00,0.0588
arquiteturas,neural,Undirected,2.00,0.1814
arquiteturas,coeficientes,Undirected,2.00,0.1967
arquiteturas,escolha,Undirected,3.00,0.2594
arquiteturas,precisao,Undirected,2.00,0.1618
arquiteturas,secao,Undirected,3.00,0.1759
audio,processamento,Undirected,6.00,0.2150
audio,hospitais,Undirected,2.00,0.0128
audio,rede,Undirected,4.00,-0.0691
audio,neural,Undirected,7.00,0.1972
audio,precisao,Undirected,5.00,0.1251
audio,youtube,Undirected,13.00,0.3322
audio,enunciado,Undirected,4.00,0.1552
audio,analise,Undirected,3.00,0.0048
audio,covideiro,Undirected,2.00,-0.1554
audio,artigo,Undirected,2.00,-0.1495
audio,funciona,Undirected,3.00,0.1309
audio,acustica,Undirected,4.00,0.1417
audio,humano,Undirected,5.00,0.0956
audio,produziu,Undirected,3.00,0.0537
audio,centro,Undirected,2.00,0.0724
audio,escuta,Undirected,2.00,0.0873
audio,configuracao,Undirected,2.00,0.0108
audio,pacientes,Undirected,2.00,-0.0741
audio,pressao,Undirected,4.00,0.1704
audio,coeficientes,Undirected,3.00,0.0943
versao,covid,Undirected,5.00,0.2453
versao,especifica,Undirected,14.00,0.5406
versao,produziu,Undirected,6.00,0.2982
versao,condicao,Undirected,2.00,0.1099
versao,covideiro,Undirected,3.00,0.0239
versao,rede,Undirected,3.00,0.0387
versao,secao,Undirected,2.00,0.1034
versao,ponto,Undirected,3.00,0.1522
versao,latour,Undirected,2.00,0.1176
escolha,celular,Undirected,6.00,0.3273
escolha,condicao,Undirected,2.00,0.1070
escolha,tecnica,Undirected,6.00,0.3631
escolha,protocolo,Undirected,2.00,0.1319
escolha,analise,Undirected,2.00,0.0891
escolha,configuracao,Undirected,4.00,0.1949
escolha,operacao,Undirected,2.00,0.1617
escolha,coeficientes,Undirected,3.00,0.2304
etapa,roteiro,Undirected,5.00,0.2958
etapa,hospitais,Undirected,3.00,0.2258
etapa,visivel,Undirected,3.00,0.2564
etapa,ponto,Undirected,2.00,0.1245
etapa,operacao,Undirected,2.00,0.1892
etapa,analise,Undirected,3.00,0.1697
informacao,descreve,Undirected,2.00,0.1840
informacao,especifica,Undirected,3.00,0.2902
informacao,gravacao,Undirected,2.00,0.2389
ambiente,pacientes,Undirected,3.00,0.1513
ambiente,covid,Undirected,3.00,0.2130
ambiente,descreve,Undirected,3.00,0.2548
ambiente,fala,Undirected,9.00,0.4272
ambiente,ruido,Undirected,6.00,0.3097
ambiente,corpo,Undirected,5.00,0.2674
ambiente,protocolo,Undirected,4.00,0.2740
ambiente,gravacao,Undirected,3.00,0.3123
ambiente,condicao,Undirected,2.00,0.1502
ambiente,parametros,Undirected,3.00,0.2925
operacao,ruido,Undirected,2.00,0.0870
operacao,secao,Undirected,3.00,0.1334
operacao,fenomeno,Undirected,3.00,0.2199
operacao,deteccao,Undirected,2.00,0.1910
operacao,roteiro,Undirected,2.00,0.1910
operacao,pacientes,Undirected,2.00,0.0373
humano,configuracao,Undirected,2.00,0.0736
humano,actante,Undirected,24.00,0.3455
humano,voz,Undirected,2.00,0.1252
humano,pesquisador,Undirected,2.00,0.1160
humano,youtube,Undirected,6.00,0.2724
humano,produziu,Undirected,2.00,0.0687
humano,rede,Undirected,11.00,0.0908
humano,neural,Undirected,2.00,0.0922
humano,produz,Undirected,3.00,0.1519
humano,corpo,Undirected,3.00,0.1519
humano,codigo,Undirected,2.00,0.0649
pacientes,covid,Undirected,20.00,0.3341
pacientes,hospitais,Undirected,2.00,0.0184
pacientes,medicos,Undirected,5.00,0.2011
pacientes,analise,Undirected,2.00,-0.0353
pacientes,acustica,Undirected,3.00,0.1090
pacientes,artigos,Undirected,3.00,-0.0400
pacientes,covideiro,Undirected,14.00,0.0868
pacientes,fala,Undirected,3.00,0.0678
pacientes,actante,Undirected,2.00,-0.0426
pacientes,youtube,Undirected,2.00,0.0587
pacientes,voz,Undirected,9.00,0.2840
pacientes,ruido,Undirected,4.00,0.0636
pacientes,produziu,Undirected,2.00,0.0114
pacientes,fenomeno,Undirected,3.00,0.1090
analise,acustica,Undirected,6.00,0.2451
analise,covid,Undirected,6.00,0.1671
analise,artigos,Undirected,8.00,0.1241
analise,tecnica,Undirected,3.00,0.1569
analise,enunciado,Undirected,4.00,0.1973
analise,actante,Undirected,2.00,-0.0093
analise,roteiro,Undirected,2.00,0.1185
analise,condicao,Undirected,3.00,0.0642
analise,ponto,Undirected,6.00,0.1469
analise,parametros,Undirected,3.00,0.1519
analise,entrada,Undirected,2.00,0.1185
analise,rede,Undirected,22.00,0.1998
neural,rede,Undirected,66.00,0.5897
neural,artigos,Undirected,3.00,0.0684
neural,entrada,Undirected,2.00,0.1886
neural,parametros,Undirected,3.00,0.2254
neural,codigo,Undirected,2.00,0.1111
neural,escuta,Undirected,3.00,0.2532
neural,artigo,Undirected,3.00,-0.0405
corpo,pandemico,Undirected,3.00,0.1552
corpo,covideiro,Undirected,2.00,-0.0390
corpo,lugar,Undirected,3.00,0.2417
corpo,fenomeno,Undirected,2.00,0.1696
corpo,produziu,Undirected,9.00,0.3493
corpo,escuta,Undirected,6.00,0.3724
corpo,produz,Undirected,6.00,0.3148
corpo,artigos,Undirected,3.00,0.0761
corpo,reconhecer,Undirected,2.00,0.1696
corpo,protocolo,Undirected,2.00,0.1185
gravacao,condicao,Undirected,3.00,0.1903
gravacao,produz,Undirected,3.00,0.2528
gravacao,artigos,Undirected,2.00,0.0702
entrada,rede,Undirected,7.00,0.1839
entrada,covideiro,Undirected,3.00,0.0516
entrada,produz,Undirected,3.00,0.2528
entrada,ponto,Undirected,3.00,0.1799
youtube,covideiro,Undirected,6.00,0.1144
youtube,parametros,Undirected,5.00,0.3299
codigo,protocolo,Undirected,2.00,0.0837
codigo,momento,Undirected,2.00,0.1473
codigo,pesquisador,Undirected,3.00,0.1888
codigo,secao,Undirected,6.00,0.1997
codigo,produz,Undirected,2.00,0.1185
codigo,actante,Undirected,4.00,0.1204
codigo,rede,Undirected,3.00,-0.0149
voz,covideiro,Undirected,10.00,0.2033
voz,condicao,Undirected,2.00,0.1191
voz,covid,Undirected,3.00,0.1804
voz,fala,Undirected,2.00,0.1558
voz,movimento,Undirected,2.00,0.2293
voz,actante,Undirected,3.00,0.1458
celular,fala,Undirected,2.00,0.1277
celular,covideiro,Undirected,4.00,0.0391
celular,clinica,Undirected,2.00,0.1558
celular,ruido,Undirected,2.00,0.0895
celular,disponivel,Undirected,6.00,0.3766
pesquisador,descreve,Undirected,2.00,0.1575
pesquisador,covideiro,Undirected,4.00,0.0596
pesquisador,actante,Undirected,2.00,0.0846
pesquisador,processamento,Undirected,3.00,0.2554
pesquisador,precisao,Undirected,2.00,0.1426
pesquisador,ponto,Undirected,2.00,0.0999
visivel,artigo,Undirected,2.00,-0.0279
visivel,ponto,Undirected,6.00,0.2413
visivel,actante,Undirected,3.00,0.1244
visivel,fenomeno,Undirected,3.00,0.2306
visivel,artigos,Undirected,2.00,0.0325
visivel,enunciado,Undirected,3.00,0.2436
visivel,latour,Undirected,3.00,0.1590
pressao,fala,Undirected,2.00,0.1731
artigos,rede,Undirected,10.00,0.0358
artigos,covid,Undirected,2.00,-0.0247
artigos,covideiro,Undirected,10.00,0.0186
artigos,enunciado,Undirected,3.00,0.1063
artigos,secao,Undirected,4.00,0.0419
artigos,deteccao,Undirected,2.00,0.0702
artigos,algoritmo,Undirected,2.00,0.0561
artigos,protocolo,Undirected,3.00,0.0398
artigos,centro,Undirected,3.00,0.1134
artigos,condicao,Undirected,2.00,-0.0324
artigos,produz,Undirected,2.00,0.0273
artigos,produziu,Undirected,2.00,-0.0036
especifica,artigo,Undirected,5.00,0.1170
especifica,hospitais,Undirected,6.00,0.2979
especifica,descreve,Undirected,2.00,0.1767
especifica,produziu,Undirected,5.00,0.2902
especifica,condicao,Undirected,3.00,0.1828
especifica,covideiro,Undirected,7.00,0.1591
especifica,pandemico,Undirected,3.00,0.1925
especifica,configuracao,Undirected,3.00,0.2181
especifica,possivel,Undirected,3.00,0.2303
escuta,clinica,Undirected,9.00,0.4536
escuta,ruido,Undirected,3.00,0.1969
escuta,rede,Undirected,7.00,0.1929
escuta,movimento,Undirected,3.00,0.3139
deteccao,precisao,Undirected,8.00,0.3837
deteccao,covideiro,Undirected,3.00,0.0516
deteccao,distintos,Undirected,12.00,0.4897
ponto,secao,Undirected,3.00,0.0657
ponto,coronavirus,Undirected,3.00,0.1723
ponto,rede,Undirected,2.00,-0.0945
ponto,labirinto,Undirected,3.00,0.1462
ponto,condicao,Undirected,2.00,0.0238
ponto,latour,Undirected,2.00,0.0315
ponto,momento,Undirected,3.00,0.1652
possivel,processamento,Undirected,3.00,0.2232
possivel,covideiro,Undirected,7.00,0.1011
possivel,pandemico,Undirected,2.00,0.0885
possivel,ruido,Undirected,2.00,0.0777
possivel,momento,Undirected,2.00,0.1677
possivel,configuracao,Undirected,7.00,0.2688
possivel,artigo,Undirected,2.00,-0.0474
possivel,actante,Undirected,2.00,0.0539
possivel,funciona,Undirected,2.00,0.1817
possivel,condicao,Undirected,2.00,0.0792
funciona,artigo,Undirected,5.00,0.1251
funciona,acustica,Undirected,4.00,0.3144
funciona,configuracao,Undirected,3.00,0.2256
funciona,produziu,Undirected,2.00,0.1651
condicao,configuracao,Undirected,3.00,0.1182
condicao,covideiro,Undirected,8.00,0.0668
condicao,clinica,Undirected,16.00,0.4185
condicao,pandemico,Undirected,2.00,0.0431
condicao,precisao,Undirected,3.00,0.1172
condicao,covid,Undirected,2.00,0.0415
condicao,artigo,Undirected,5.00,0.0109
condicao,movimento,Undirected,5.00,0.2748
condicao,labirinto,Undirected,3.00,0.1566
condicao,hospitais,Undirected,2.00,0.0695
condicao,rede,Undirected,2.00,-0.0845
coeficientes,acustica,Undirected,2.00,0.1775
coeficientes,enunciado,Undirected,2.00,0.1899
coeficientes,reconhecer,Undirected,2.00,0.1775
coeficientes,fala,Undirected,2.00,0.1381
coeficientes,covideiro,Undirected,3.00,0.0150
coeficientes,secao,Undirected,3.00,0.1469
precisao,enunciado,Undirected,5.00,0.2870
precisao,artigo,Undirected,10.00,0.1463
precisao,covid,Undirected,8.00,0.2714
precisao,protocolo,Undirected,4.00,0.1832
precisao,covideiro,Undirected,3.00,-0.0216
covideiro,rede,Undirected,8.00,-0.0732
covideiro,configuracao,Undirected,11.00,0.1554
covideiro,pandemico,Undirected,73.00,0.5042
covideiro,hospitais,Undirected,4.00,0.0159
covideiro,ruido,Undirected,9.00,0.0820
covideiro,covid,Undirected,6.00,0.0365
covideiro,artigo,Undirected,17.00,0.0187
covideiro,disponivel,Undirected,2.00,0.0178
covideiro,clinica,Undirected,2.00,-0.0338
covideiro,produziu,Undirected,6.00,0.0605
covideiro,secao,Undirected,3.00,-0.0626
covideiro,actante,Undirected,6.00,-0.0011
covideiro,inscrito,Undirected,9.00,0.1902
covideiro,coronavirus,Undirected,2.00,-0.0033
covideiro,roteiro,Undirected,10.00,0.2244
covideiro,acustica,Undirected,2.00,-0.0226
covideiro,protocolo,Undirected,4.00,0.0042
covideiro,algoritmo,Undirected,8.00,0.1716
covideiro,latour,Undirected,2.00,-0.0909
covideiro,reconhecer,Undirected,6.00,0.0891
covideiro,descreve,Undirected,2.00,-0.0510
fenomeno,artigo,Undirected,5.00,0.0956
fenomeno,lugar,Undirected,3.00,0.2589
fenomeno,inscrito,Undirected,2.00,0.1984
labirinto,artigo,Undirected,7.00,0.1369
enunciado,processamento,Undirected,2.00,0.2109
enunciado,artigo,Undirected,4.00,0.0795
enunciado,latour,Undirected,2.00,0.1301
enunciado,protocolo,Undirected,2.00,0.1473
enunciado,rede,Undirected,5.00,0.1187
enunciado,produziu,Undirected,3.00,0.2058
processamento,algoritmo,Undirected,2.00,0.2109
protocolo,clinica,Undirected,2.00,0.1237
protocolo,tecnica,Undirected,3.00,0.2018
protocolo,momento,Undirected,4.00,0.2438
protocolo,produziu,Undirected,3.00,0.1392
protocolo,artigo,Undirected,2.00,-0.0678
artificial,ruido,Undirected,9.00,0.3738
artificial,disponivel,Undirected,2.00,0.2605
artificial,produz,Undirected,3.00,0.2609
acustica,covid,Undirected,5.00,0.2453
acustica,fala,Undirected,3.00,0.2011
acustica,produz,Undirected,2.00,0.1696
acustica,roteiro,Undirected,3.00,0.2700
acustica,inscrito,Undirected,4.00,0.2992
acustica,artigo,Undirected,3.00,0.0300
pandemico,hospitais,Undirected,3.00,0.1301
pandemico,artigo,Undirected,6.00,0.0450
pandemico,produziu,Undirected,6.00,0.2221
pandemico,inscrito,Undirected,5.00,0.2609
pandemico,covid,Undirected,2.00,0.0509
pandemico,reconhecer,Undirected,6.00,0.2761
momento,artigo,Undirected,3.00,0.0431
momento,tecnica,Undirected,2.00,0.2109
coronavirus,fala,Undirected,3.00,0.2213
coronavirus,actante,Undirected,4.00,0.1967
coronavirus,configuracao,Undirected,2.00,0.1628
coronavirus,produziu,Undirected,3.00,0.2129
fala,covid,Undirected,2.00,0.0783
fala,produz,Undirected,5.00,0.2594
fala,ruido,Undirected,3.00,0.1199
reconhecer,roteiro,Undirected,2.00,0.2124
reconhecer,lugar,Undirected,3.00,0.2589
reconhecer,tecnica,Undirected,2.00,0.1984
reconhecer,rede,Undirected,3.00,0.0387
reconhecer,artigo,Undirected,3.00,0.0300
actante,configuracao,Undirected,14.00,0.3323
actante,produziu,Undirected,2.00,0.0373
actante,inscrito,Undirected,3.00,0.1492
actante,roteiro,Undirected,4.00,0.2045
actante,rede,Undirected,3.00,-0.0675
configuracao,inscrito,Undirected,6.00,0.3180
configuracao,artigo,Undirected,4.00,0.0200
configuracao,produziu,Undirected,9.00,0.3181
configuracao,descreve,Undirected,4.00,0.2089
configuracao,latour,Undirected,3.00,0.1263
configuracao,roteiro,Undirected,2.00,0.1700
configuracao,covid,Undirected,2.00,0.0752
tecnica,descreve,Undirected,2.00,0.1700
rede,clinica,Undirected,2.00,-0.0197
rede,hospitais,Undirected,5.00,0.0598
rede,latour,Undirected,4.00,0.0008
rede,produziu,Undirected,9.00,0.0981
rede,artigo,Undirected,11.00,-0.0515
rede,parametros,Undirected,2.00,-0.0009
rede,distintos,Undirected,3.00,0.0163
ruido,artigo,Undirected,3.00,-0.0512
ruido,inscrito,Undirected,2.00,0.1209
ruido,parametros,Undirected,2.00,0.1160
latour,descreve,Undirected,17.00,0.4194
latour,artigo,Undirected,5.00,0.0195
clinica,secao,Undirected,2.00,0.0922
clinica,artigo,Undirected,3.00,0.0183
produziu,roteiro,Undirected,3.00,0.2205
disponivel,artigo,Undirected,6.00,0.1671
parametros,artigo,Undirected,2.00,-0.0091
produz,artigo,Undirected,2.00,-0.0331
covid,artigo,Undirected,3.00,-0.0416
covid,hospitais,Undirected,10.00,0.3139
distintos,centro,Undirected,2.00,0.1838
distintos,descreve,Undirected,3.00,0.1901
distintos,secao,Undirected,3.00,0.1334
secao,artigo,Undirected,6.00,0.0269
lugar,artigo,Undirected,2.00,-0.0009
artigo,inscrito,Undirected,3.00,0.0431
artigo,descreve,Undirected,4.00,0.0351
inscrito,roteiro,Undirected,11.00,0.5136
descreve,hospitais,Undirected,6.00,0.2111
